,70,65,62,25,75,55,60,30,35,45,20,16,22
795,,17812.0,,,,,,,,,,,
3978,,75495.0,,,,,,,,,,,
5987,,59239.0,,,,,,,,,,,
9232,,1498.0,,,,,,,,,,,
33009,,1498.0,,,,,,,,,,,
33167,,17812.0,,,,,,,,,,,
38982,,1498.0,,,,,,,,,,,
58261,,44389.0,,,,,,,,,,,
72080,,75495.0,,,,,,,,,,,
4167,,,20686.0,,,,,,,,,,
5565,,,14328.0,,,,,,,,,,
62834,,,49596.0,,,,,,,,,,
74625,,,20686.0,,,,,,,,,,
1338,,,,1739.0,,,,,,,,,
4168,,,,7482.0,,,,,,,,,
5490,,,,410.0,,,,,,,,,
7910,,,,410.0,,,,,,,,,
10032,,,,1625.0,,,,,,,,,
13038,,,,14828.0,,,,,,,,,
13556,,,,410.0,,,,,,,,,
16050,,,,8763.0,,,,,,,,,
19631,,,,11324.0,,,,,,,,,
22133,,,,16558.0,,,,,,,,,
22258,,,,1739.0,,,,,,,,,
25614,,,,410.0,,,,,,,,,
26972,,,,11324.0,,,,,,,,,
29707,,,,410.0,,,,,,,,,
33527,,,,1277.0,,,,,,,,,
35530,,,,410.0,,,,,,,,,
36576,,,,62807.0,,,,,,,,,
37288,,,,8763.0,,,,,,,,,
38344,,,,1739.0,,,,,,,,,
39014,,,,1277.0,,,,,,,,,
39880,,,,7482.0,,,,,,,,,
40127,,,,1739.0,,,,,,,,,
40325,,,,8763.0,,,,,,,,,
44356,,,,1739.0,,,,,,,,,
47735,,,,31448.0,,,,,,,,,
48564,,,,410.0,,,,,,,,,
48706,,,,410.0,,,,,,,,,
49640,,,,1625.0,,,,,,,,,
51394,,,,410.0,,,,,,,,,
52520,,,,16598.0,,,,,,,,,
53059,,,,1625.0,,,,,,,,,
53440,,,,1739.0,,,,,,,,,
56181,,,,410.0,,,,,,,,,
60436,,,,410.0,,,,,,,,,
60497,,,,410.0,,,,,,,,,
63271,,,,37173.0,,,,,,,,,
65814,,,,1739.0,,,,,,,,,
67227,,,,1277.0,,,,,,,,,
68905,,,,6731.0,,,,,,,,,
69653,,,,1739.0,,,,,,,,,
71365,,,,1277.0,,,,,,,,,
72092,,,,16598.0,,,,,,,,,
72322,,,,410.0,,,,,,,,,
73973,,,,13608.0,,,,,,,,,
74579,,,,410.0,,,,,,,,,
75434,,,,410.0,,,,,,,,,
76740,,,,13608.0,,,,,,,,,
77035,,,,410.0,,,,,,,,,
77236,,,,1625.0,,,,,,,,,
516,,,,,,290.0,,,,,,,
2824,,,,,,9390.0,,,,,,,
3214,,,,,,11062.0,,,,,,,
4994,,,,,,232.0,,,,,,,
6059,,,,,,10500.0,,,,,,,
6385,,,,,,232.0,,,,,,,
6661,,,,,,67745.0,,,,,,,
8172,,,,,,7431.0,,,,,,,
8393,,,,,,232.0,,,,,,,
10004,,,,,,11062.0,,,,,,,
12175,,,,,,290.0,,,,,,,
13025,,,,,,67745.0,,,,,,,
18001,,,,,,9390.0,,,,,,,
20786,,,,,,29641.0,,,,,,,
21937,,,,,,11062.0,,,,,,,
25341,,,,,,7431.0,,,,,,,
25939,,,,,,21781.0,,,,,,,
26235,,,,,,232.0,,,,,,,
26424,,,,,,9390.0,,,,,,,
26714,,,,,,290.0,,,,,,,
27209,,,,,,14888.0,,,,,,,
28280,,,,,,42815.0,,,,,,,
28335,,,,,,11062.0,,,,,,,
29358,,,,,,32285.0,,,,,,,
29578,,,,,,232.0,,,,,,,
30012,,,,,,63414.0,,,,,,,
30375,,,,,,290.0,,,,,,,
31290,,,,,,290.0,,,,,,,
32224,,,,,,232.0,,,,,,,
32329,,,,,,7431.0,,,,,,,
34200,,,,,,67745.0,,,,,,,
35716,,,,,,14240.0,,,,,,,
36078,,,,,,232.0,,,,,,,
37628,,,,,,9390.0,,,,,,,
38944,,,,,,9390.0,,,,,,,
40131,,,,,,290.0,,,,,,,
40282,,,,,,5085.0,,,,,,,
41381,,,,,,232.0,,,,,,,
42419,,,,,,232.0,,,,,,,
43693,,,,,,10500.0,,,,,,,
45004,,,,,,11062.0,,,,,,,
45038,,,,,,9390.0,,,,,,,
45192,,,,,,11062.0,,,,,,,
46933,,,,,,17701.0,,,,,,,
49738,,,,,,67745.0,,,,,,,
50992,,,,,,10500.0,,,,,,,
51763,,,,,,232.0,,,,,,,
52793,,,,,,232.0,,,,,,,
53496,,,,,,20372.0,,,,,,,
53668,,,,,,14690.0,,,,,,,
54403,,,,,,232.0,,,,,,,
54906,,,,,,232.0,,,,,,,
55252,,,,,,290.0,,,,,,,
55418,,,,,,232.0,,,,,,,
56068,,,,,,11062.0,,,,,,,
57123,,,,,,232.0,,,,,,,
57182,,,,,,232.0,,,,,,,
57597,,,,,,75740.0,,,,,,,
59711,,,,,,290.0,,,,,,,
59874,,,,,,17701.0,,,,,,,
61973,,,,,,232.0,,,,,,,
63441,,,,,,7431.0,,,,,,,
64453,,,,,,232.0,,,,,,,
69457,,,,,,232.0,,,,,,,
69597,,,,,,232.0,,,,,,,
72614,,,,,,232.0,,,,,,,
74123,,,,,,232.0,,,,,,,
74634,,,,,,290.0,,,,,,,
76966,,,,,,232.0,,,,,,,
77909,,,,,,232.0,,,,,,,
3799,,,,,,,1083.0,,,,,,
10615,,,,,,,1083.0,,,,,,
12862,,,,,,,1083.0,,,,,,
18376,,,,,,,1083.0,,,,,,
20421,,,,,,,1083.0,,,,,,
29417,,,,,,,1083.0,,,,,,
30504,,,,,,,1083.0,,,,,,
34405,,,,,,,1083.0,,,,,,
34869,,,,,,,1083.0,,,,,,
47053,,,,,,,1083.0,,,,,,
51842,,,,,,,1083.0,,,,,,
59531,,,,,,,1083.0,,,,,,
62344,,,,,,,1083.0,,,,,,
64759,,,,,,,1083.0,,,,,,
67981,,,,,,,1083.0,,,,,,
74101,,,,,,,1083.0,,,,,,
74789,,,,,,,1083.0,,,,,,
75295,,,,,,,1083.0,,,,,,
76903,,,,,,,1083.0,,,,,,
13592,,,,,,,,16803.0,,,,,
16891,,,,,,,,17370.0,,,,,
19336,,,,,,,,11317.0,,,,,
19455,,,,,,,,46547.0,,,,,
19536,,,,,,,,1042.0,,,,,
20480,,,,,,,,1042.0,,,,,
20525,,,,,,,,1042.0,,,,,
20537,,,,,,,,462.0,,,,,
26303,,,,,,,,33883.0,,,,,
26450,,,,,,,,16803.0,,,,,
27883,,,,,,,,11317.0,,,,,
29551,,,,,,,,462.0,,,,,
33454,,,,,,,,462.0,,,,,
43947,,,,,,,,11317.0,,,,,
44109,,,,,,,,1042.0,,,,,
45386,,,,,,,,283.0,,,,,
46247,,,,,,,,462.0,,,,,
49853,,,,,,,,17141.0,,,,,
51386,,,,,,,,462.0,,,,,
53056,,,,,,,,462.0,,,,,
53613,,,,,,,,283.0,,,,,
55317,,,,,,,,1042.0,,,,,
55882,,,,,,,,7995.0,,,,,
56654,,,,,,,,2349.0,,,,,
59387,,,,,,,,462.0,,,,,
61467,,,,,,,,1042.0,,,,,
64399,,,,,,,,63631.0,,,,,
65703,,,,,,,,462.0,,,,,
66073,,,,,,,,7995.0,,,,,
67469,,,,,,,,462.0,,,,,
71976,,,,,,,,462.0,,,,,
73238,,,,,,,,41262.0,,,,,
166,,,,,,,,,38894.0,,,,
770,,,,,,,,,1607.0,,,,
856,,,,,,,,,322.0,,,,
859,,,,,,,,,322.0,,,,
863,,,,,,,,,68.0,,,,
1281,,,,,,,,,5643.0,,,,
2187,,,,,,,,,68.0,,,,
2660,,,,,,,,,68.0,,,,
2738,,,,,,,,,68.0,,,,
3328,,,,,,,,,41650.0,,,,
3411,,,,,,,,,68.0,,,,
3961,,,,,,,,,16751.0,,,,
4365,,,,,,,,,68.0,,,,
4741,,,,,,,,,798.0,,,,
4762,,,,,,,,,995.0,,,,
6786,,,,,,,,,44730.0,,,,
7019,,,,,,,,,2795.0,,,,
7115,,,,,,,,,29849.0,,,,
7258,,,,,,,,,2795.0,,,,
7700,,,,,,,,,995.0,,,,
8533,,,,,,,,,322.0,,,,
8751,,,,,,,,,1330.0,,,,
8873,,,,,,,,,52943.0,,,,
9203,,,,,,,,,22468.0,,,,
9288,,,,,,,,,22468.0,,,,
9444,,,,,,,,,68.0,,,,
9681,,,,,,,,,68.0,,,,
9905,,,,,,,,,24913.0,,,,
10037,,,,,,,,,68.0,,,,
10917,,,,,,,,,68.0,,,,
11003,,,,,,,,,68.0,,,,
11416,,,,,,,,,68.0,,,,
12143,,,,,,,,,21.0,,,,
12176,,,,,,,,,68.0,,,,
12455,,,,,,,,,54384.0,,,,
12673,,,,,,,,,2795.0,,,,
13005,,,,,,,,,40713.0,,,,
13137,,,,,,,,,68.0,,,,
13473,,,,,,,,,995.0,,,,
13585,,,,,,,,,68.0,,,,
14034,,,,,,,,,68.0,,,,
14337,,,,,,,,,6806.0,,,,
14436,,,,,,,,,322.0,,,,
14798,,,,,,,,,1607.0,,,,
15217,,,,,,,,,68.0,,,,
15287,,,,,,,,,35824.0,,,,
15686,,,,,,,,,68.0,,,,
16264,,,,,,,,,7151.0,,,,
16449,,,,,,,,,18261.0,,,,
16899,,,,,,,,,0.0,,,,
17253,,,,,,,,,68.0,,,,
17512,,,,,,,,,68.0,,,,
17686,,,,,,,,,68.0,,,,
17889,,,,,,,,,2055.0,,,,
18015,,,,,,,,,1251.0,,,,
18042,,,,,,,,,68.0,,,,
18044,,,,,,,,,68.0,,,,
18401,,,,,,,,,798.0,,,,
18527,,,,,,,,,13959.0,,,,
18578,,,,,,,,,68.0,,,,
18902,,,,,,,,,995.0,,,,
19103,,,,,,,,,322.0,,,,
19833,,,,,,,,,944.0,,,,
20213,,,,,,,,,68.0,,,,
20869,,,,,,,,,0.0,,,,
20895,,,,,,,,,9692.0,,,,
21007,,,,,,,,,57954.0,,,,
21170,,,,,,,,,0.0,,,,
21453,,,,,,,,,68.0,,,,
22286,,,,,,,,,63840.0,,,,
23286,,,,,,,,,6806.0,,,,
23502,,,,,,,,,68.0,,,,
24132,,,,,,,,,2795.0,,,,
24374,,,,,,,,,5640.0,,,,
25396,,,,,,,,,68.0,,,,
25640,,,,,,,,,68.0,,,,
25811,,,,,,,,,68.0,,,,
26733,,,,,,,,,322.0,,,,
26874,,,,,,,,,322.0,,,,
26922,,,,,,,,,68.0,,,,
27276,,,,,,,,,68.0,,,,
27326,,,,,,,,,21.0,,,,
27430,,,,,,,,,27940.0,,,,
27718,,,,,,,,,27025.0,,,,
28038,,,,,,,,,68.0,,,,
28439,,,,,,,,,1330.0,,,,
28718,,,,,,,,,322.0,,,,
29060,,,,,,,,,322.0,,,,
29983,,,,,,,,,1607.0,,,,
30314,,,,,,,,,68.0,,,,
30795,,,,,,,,,68.0,,,,
31162,,,,,,,,,0.0,,,,
31375,,,,,,,,,4991.0,,,,
31574,,,,,,,,,322.0,,,,
31771,,,,,,,,,322.0,,,,
32551,,,,,,,,,68.0,,,,
32831,,,,,,,,,68.0,,,,
32851,,,,,,,,,322.0,,,,
33272,,,,,,,,,322.0,,,,
33744,,,,,,,,,2272.0,,,,
34195,,,,,,,,,68.0,,,,
34382,,,,,,,,,322.0,,,,
34434,,,,,,,,,0.0,,,,
36227,,,,,,,,,68.0,,,,
36300,,,,,,,,,40713.0,,,,
36552,,,,,,,,,68.0,,,,
37196,,,,,,,,,13959.0,,,,
37655,,,,,,,,,68.0,,,,
37850,,,,,,,,,1330.0,,,,
38184,,,,,,,,,68.0,,,,
38310,,,,,,,,,68.0,,,,
38313,,,,,,,,,68.0,,,,
38740,,,,,,,,,6594.0,,,,
38934,,,,,,,,,2055.0,,,,
39052,,,,,,,,,0.0,,,,
39301,,,,,,,,,322.0,,,,
39385,,,,,,,,,954.0,,,,
40181,,,,,,,,,5035.0,,,,
40605,,,,,,,,,68.0,,,,
40805,,,,,,,,,68.0,,,,
41144,,,,,,,,,1607.0,,,,
42092,,,,,,,,,2055.0,,,,
42973,,,,,,,,,7151.0,,,,
42982,,,,,,,,,68.0,,,,
43418,,,,,,,,,322.0,,,,
43626,,,,,,,,,68.0,,,,
43633,,,,,,,,,798.0,,,,
43922,,,,,,,,,322.0,,,,
43973,,,,,,,,,68.0,,,,
44196,,,,,,,,,68.0,,,,
44533,,,,,,,,,43697.0,,,,
44710,,,,,,,,,68.0,,,,
45064,,,,,,,,,1330.0,,,,
45086,,,,,,,,,68.0,,,,
45388,,,,,,,,,2272.0,,,,
45478,,,,,,,,,68.0,,,,
46093,,,,,,,,,68.0,,,,
46369,,,,,,,,,322.0,,,,
46442,,,,,,,,,68.0,,,,
46626,,,,,,,,,7151.0,,,,
47062,,,,,,,,,7151.0,,,,
47278,,,,,,,,,68.0,,,,
48105,,,,,,,,,40713.0,,,,
48587,,,,,,,,,68.0,,,,
48832,,,,,,,,,322.0,,,,
49462,,,,,,,,,22468.0,,,,
49940,,,,,,,,,68.0,,,,
50275,,,,,,,,,944.0,,,,
50296,,,,,,,,,68.0,,,,
50458,,,,,,,,,68.0,,,,
51084,,,,,,,,,68.0,,,,
51384,,,,,,,,,798.0,,,,
51425,,,,,,,,,68.0,,,,
51600,,,,,,,,,6594.0,,,,
51804,,,,,,,,,322.0,,,,
52159,,,,,,,,,7151.0,,,,
52450,,,,,,,,,322.0,,,,
53082,,,,,,,,,0.0,,,,
53510,,,,,,,,,322.0,,,,
53549,,,,,,,,,68.0,,,,
53623,,,,,,,,,68.0,,,,
54177,,,,,,,,,68.0,,,,
54471,,,,,,,,,68.0,,,,
54672,,,,,,,,,1607.0,,,,
54706,,,,,,,,,68.0,,,,
54737,,,,,,,,,2795.0,,,,
55637,,,,,,,,,0.0,,,,
55640,,,,,,,,,68.0,,,,
55670,,,,,,,,,1092.0,,,,
55935,,,,,,,,,68.0,,,,
56749,,,,,,,,,1330.0,,,,
56930,,,,,,,,,322.0,,,,
57499,,,,,,,,,68.0,,,,
57612,,,,,,,,,68.0,,,,
57924,,,,,,,,,995.0,,,,
58662,,,,,,,,,68.0,,,,
58960,,,,,,,,,68.0,,,,
58974,,,,,,,,,1330.0,,,,
59658,,,,,,,,,21940.0,,,,
60102,,,,,,,,,6594.0,,,,
60257,,,,,,,,,2272.0,,,,
60439,,,,,,,,,50478.0,,,,
61137,,,,,,,,,322.0,,,,
61249,,,,,,,,,68.0,,,,
61397,,,,,,,,,1607.0,,,,
61785,,,,,,,,,68.0,,,,
61830,,,,,,,,,322.0,,,,
62011,,,,,,,,,68.0,,,,
62371,,,,,,,,,944.0,,,,
62792,,,,,,,,,68.0,,,,
63241,,,,,,,,,71358.0,,,,
63590,,,,,,,,,1092.0,,,,
64162,,,,,,,,,944.0,,,,
64518,,,,,,,,,68.0,,,,
65108,,,,,,,,,322.0,,,,
65686,,,,,,,,,44730.0,,,,
65691,,,,,,,,,68.0,,,,
65933,,,,,,,,,68.0,,,,
66001,,,,,,,,,2272.0,,,,
66145,,,,,,,,,7151.0,,,,
66402,,,,,,,,,68.0,,,,
66826,,,,,,,,,1251.0,,,,
67505,,,,,,,,,6806.0,,,,
67516,,,,,,,,,0.0,,,,
67607,,,,,,,,,68.0,,,,
67696,,,,,,,,,68.0,,,,
67850,,,,,,,,,30353.0,,,,
68700,,,,,,,,,322.0,,,,
69473,,,,,,,,,68.0,,,,
69477,,,,,,,,,68.0,,,,
69626,,,,,,,,,68.0,,,,
70742,,,,,,,,,68955.0,,,,
70945,,,,,,,,,322.0,,,,
71093,,,,,,,,,1330.0,,,,
71187,,,,,,,,,4716.0,,,,
71361,,,,,,,,,68.0,,,,
71468,,,,,,,,,2055.0,,,,
72216,,,,,,,,,0.0,,,,
72303,,,,,,,,,15676.0,,,,
72395,,,,,,,,,995.0,,,,
72408,,,,,,,,,68.0,,,,
72579,,,,,,,,,2795.0,,,,
73410,,,,,,,,,68.0,,,,
73949,,,,,,,,,68.0,,,,
74298,,,,,,,,,68.0,,,,
74334,,,,,,,,,322.0,,,,
75270,,,,,,,,,322.0,,,,
75406,,,,,,,,,68.0,,,,
75856,,,,,,,,,68.0,,,,
76190,,,,,,,,,68.0,,,,
76261,,,,,,,,,43960.0,,,,
76863,,,,,,,,,68.0,,,,
77571,,,,,,,,,3952.0,,,,
78139,,,,,,,,,68.0,,,,
244,,,,,,,,,,412.0,,,
655,,,,,,,,,,15885.0,,,
855,,,,,,,,,,105.0,,,
1657,,,,,,,,,,10734.0,,,
1773,,,,,,,,,,412.0,,,
1886,,,,,,,,,,1957.0,,,
2347,,,,,,,,,,631.0,,,
3374,,,,,,,,,,6515.0,,,
3552,,,,,,,,,,412.0,,,
3655,,,,,,,,,,885.0,,,
3885,,,,,,,,,,412.0,,,
4091,,,,,,,,,,30958.0,,,
4796,,,,,,,,,,7567.0,,,
5063,,,,,,,,,,10734.0,,,
5463,,,,,,,,,,46364.0,,,
5473,,,,,,,,,,631.0,,,
6183,,,,,,,,,,105.0,,,
7740,,,,,,,,,,4985.0,,,
7750,,,,,,,,,,2176.0,,,
7899,,,,,,,,,,49494.0,,,
7916,,,,,,,,,,412.0,,,
8413,,,,,,,,,,412.0,,,
8467,,,,,,,,,,412.0,,,
9053,,,,,,,,,,105.0,,,
9128,,,,,,,,,,885.0,,,
9156,,,,,,,,,,3429.0,,,
9368,,,,,,,,,,2638.0,,,
9371,,,,,,,,,,13235.0,,,
9460,,,,,,,,,,1957.0,,,
9529,,,,,,,,,,412.0,,,
9788,,,,,,,,,,412.0,,,
10317,,,,,,,,,,3386.0,,,
10364,,,,,,,,,,412.0,,,
10926,,,,,,,,,,15885.0,,,
11118,,,,,,,,,,1957.0,,,
11201,,,,,,,,,,55409.0,,,
11215,,,,,,,,,,40840.0,,,
11488,,,,,,,,,,412.0,,,
11552,,,,,,,,,,2638.0,,,
11793,,,,,,,,,,412.0,,,
12411,,,,,,,,,,3086.0,,,
12680,,,,,,,,,,44410.0,,,
12842,,,,,,,,,,412.0,,,
12843,,,,,,,,,,412.0,,,
13464,,,,,,,,,,1957.0,,,
13737,,,,,,,,,,63392.0,,,
14463,,,,,,,,,,412.0,,,
14600,,,,,,,,,,885.0,,,
14808,,,,,,,,,,412.0,,,
15163,,,,,,,,,,885.0,,,
15533,,,,,,,,,,412.0,,,
15902,,,,,,,,,,3386.0,,,
15992,,,,,,,,,,3086.0,,,
16610,,,,,,,,,,3086.0,,,
17083,,,,,,,,,,412.0,,,
17728,,,,,,,,,,3187.0,,,
18182,,,,,,,,,,105.0,,,
18454,,,,,,,,,,3935.0,,,
18782,,,,,,,,,,1957.0,,,
19270,,,,,,,,,,412.0,,,
19407,,,,,,,,,,11225.0,,,
19481,,,,,,,,,,401.0,,,
20017,,,,,,,,,,105.0,,,
20198,,,,,,,,,,401.0,,,
20388,,,,,,,,,,4985.0,,,
20675,,,,,,,,,,3086.0,,,
21130,,,,,,,,,,16031.0,,,
21503,,,,,,,,,,2176.0,,,
21528,,,,,,,,,,34631.0,,,
21637,,,,,,,,,,23338.0,,,
22285,,,,,,,,,,2168.0,,,
22391,,,,,,,,,,885.0,,,
22544,,,,,,,,,,7874.0,,,
22797,,,,,,,,,,105.0,,,
23009,,,,,,,,,,412.0,,,
23162,,,,,,,,,,401.0,,,
23365,,,,,,,,,,10251.0,,,
23492,,,,,,,,,,12807.0,,,
23630,,,,,,,,,,50270.0,,,
23968,,,,,,,,,,2168.0,,,
24420,,,,,,,,,,3086.0,,,
24428,,,,,,,,,,412.0,,,
24432,,,,,,,,,,5594.0,,,
24598,,,,,,,,,,3386.0,,,
24781,,,,,,,,,,105.0,,,
25924,,,,,,,,,,412.0,,,
25978,,,,,,,,,,412.0,,,
26298,,,,,,,,,,2168.0,,,
26739,,,,,,,,,,401.0,,,
28266,,,,,,,,,,2404.0,,,
28485,,,,,,,,,,105.0,,,
29204,,,,,,,,,,26668.0,,,
29701,,,,,,,,,,2483.0,,,
29935,,,,,,,,,,3086.0,,,
30724,,,,,,,,,,401.0,,,
30809,,,,,,,,,,10251.0,,,
31252,,,,,,,,,,12114.0,,,
31427,,,,,,,,,,2638.0,,,
31516,,,,,,,,,,5428.0,,,
31720,,,,,,,,,,885.0,,,
31827,,,,,,,,,,412.0,,,
31983,,,,,,,,,,1957.0,,,
32435,,,,,,,,,,401.0,,,
32628,,,,,,,,,,105.0,,,
32781,,,,,,,,,,3429.0,,,
33627,,,,,,,,,,6270.0,,,
34191,,,,,,,,,,3086.0,,,
34398,,,,,,,,,,412.0,,,
34664,,,,,,,,,,3429.0,,,
35291,,,,,,,,,,105.0,,,
35729,,,,,,,,,,105.0,,,
37453,,,,,,,,,,55409.0,,,
38005,,,,,,,,,,885.0,,,
38078,,,,,,,,,,885.0,,,
38133,,,,,,,,,,885.0,,,
38497,,,,,,,,,,412.0,,,
38509,,,,,,,,,,1957.0,,,
38715,,,,,,,,,,885.0,,,
39395,,,,,,,,,,74624.0,,,
40134,,,,,,,,,,105.0,,,
40323,,,,,,,,,,6270.0,,,
40534,,,,,,,,,,412.0,,,
40799,,,,,,,,,,401.0,,,
40856,,,,,,,,,,46364.0,,,
41120,,,,,,,,,,401.0,,,
42003,,,,,,,,,,50270.0,,,
42107,,,,,,,,,,412.0,,,
42740,,,,,,,,,,885.0,,,
42885,,,,,,,,,,412.0,,,
43204,,,,,,,,,,26029.0,,,
43690,,,,,,,,,,8400.0,,,
44358,,,,,,,,,,3386.0,,,
44417,,,,,,,,,,412.0,,,
44540,,,,,,,,,,885.0,,,
44850,,,,,,,,,,13235.0,,,
44878,,,,,,,,,,401.0,,,
45355,,,,,,,,,,885.0,,,
46190,,,,,,,,,,885.0,,,
46741,,,,,,,,,,1957.0,,,
47131,,,,,,,,,,885.0,,,
47436,,,,,,,,,,412.0,,,
47892,,,,,,,,,,46264.0,,,
47936,,,,,,,,,,15885.0,,,
48410,,,,,,,,,,412.0,,,
48703,,,,,,,,,,5428.0,,,
48704,,,,,,,,,,25124.0,,,
48935,,,,,,,,,,412.0,,,
49280,,,,,,,,,,401.0,,,
49404,,,,,,,,,,412.0,,,
50523,,,,,,,,,,2168.0,,,
50532,,,,,,,,,,105.0,,,
50677,,,,,,,,,,8321.0,,,
50954,,,,,,,,,,3429.0,,,
51091,,,,,,,,,,9215.0,,,
51469,,,,,,,,,,412.0,,,
51719,,,,,,,,,,1957.0,,,
52210,,,,,,,,,,105.0,,,
53038,,,,,,,,,,412.0,,,
53109,,,,,,,,,,401.0,,,
53670,,,,,,,,,,2176.0,,,
53809,,,,,,,,,,105.0,,,
54392,,,,,,,,,,35687.0,,,
55125,,,,,,,,,,16031.0,,,
55716,,,,,,,,,,412.0,,,
56497,,,,,,,,,,3086.0,,,
56818,,,,,,,,,,412.0,,,
56835,,,,,,,,,,2638.0,,,
57247,,,,,,,,,,412.0,,,
57259,,,,,,,,,,401.0,,,
57310,,,,,,,,,,412.0,,,
57850,,,,,,,,,,885.0,,,
57859,,,,,,,,,,401.0,,,
58100,,,,,,,,,,2483.0,,,
59023,,,,,,,,,,885.0,,,
59317,,,,,,,,,,401.0,,,
59440,,,,,,,,,,10251.0,,,
59733,,,,,,,,,,412.0,,,
59811,,,,,,,,,,885.0,,,
60453,,,,,,,,,,401.0,,,
60880,,,,,,,,,,401.0,,,
62152,,,,,,,,,,10163.0,,,
63944,,,,,,,,,,46364.0,,,
64100,,,,,,,,,,5428.0,,,
65022,,,,,,,,,,2483.0,,,
65189,,,,,,,,,,412.0,,,
65251,,,,,,,,,,12114.0,,,
66232,,,,,,,,,,17963.0,,,
66234,,,,,,,,,,11452.0,,,
66448,,,,,,,,,,401.0,,,
67367,,,,,,,,,,15885.0,,,
67881,,,,,,,,,,34816.0,,,
68813,,,,,,,,,,3429.0,,,
68838,,,,,,,,,,5428.0,,,
68915,,,,,,,,,,412.0,,,
68980,,,,,,,,,,412.0,,,
69491,,,,,,,,,,14132.0,,,
69800,,,,,,,,,,8359.0,,,
71990,,,,,,,,,,412.0,,,
72479,,,,,,,,,,5428.0,,,
73018,,,,,,,,,,34816.0,,,
73347,,,,,,,,,,3086.0,,,
74503,,,,,,,,,,401.0,,,
75171,,,,,,,,,,46364.0,,,
75509,,,,,,,,,,55409.0,,,
76326,,,,,,,,,,412.0,,,
77118,,,,,,,,,,885.0,,,
77482,,,,,,,,,,559.0,,,
77828,,,,,,,,,,885.0,,,
22243,,,,,,,,,,,4500.0,,
35090,,,,,,,,,,,50713.0,,
40314,,,,,,,,,,,4500.0,,
60313,,,,,,,,,,,50713.0,,
1124,,,,,,,,,,,,37211.0,
4979,,,,,,,,,,,,9835.0,
6150,,,,,,,,,,,,3592.0,
7478,,,,,,,,,,,,48036.0,
10337,,,,,,,,,,,,37211.0,
15249,,,,,,,,,,,,9835.0,
16019,,,,,,,,,,,,37211.0,
28356,,,,,,,,,,,,37211.0,
40696,,,,,,,,,,,,32962.0,
55461,,,,,,,,,,,,75031.0,
68206,,,,,,,,,,,,37211.0,
75745,,,,,,,,,,,,37211.0,
7030,,,,,,,,,,,,,19602.0
7802,,,,,,,,,,,,,20471.0
17801,,,,,,,,,,,,,765.0
19328,,,,,,,,,,,,,765.0
19755,,,,,,,,,,,,,4883.0
20350,,,,,,,,,,,,,28089.0
23576,,,,,,,,,,,,,20471.0
30657,,,,,,,,,,,,,19602.0
35908,,,,,,,,,,,,,17350.0
38483,,,,,,,,,,,,,765.0
41444,,,,,,,,,,,,,765.0
44101,,,,,,,,,,,,,4883.0
46803,,,,,,,,,,,,,17915.0
48019,,,,,,,,,,,,,45366.0
50701,,,,,,,,,,,,,45366.0
57989,,,,,,,,,,,,,20471.0
60576,,,,,,,,,,,,,4883.0
62605,,,,,,,,,,,,,765.0
68490,,,,,,,,,,,,,4883.0
70443,,,,,,,,,,,,,20471.0
71742,,,,,,,,,,,,,20471.0
