,35,25,65,62,30,55,45,22,60,75,70,16,20
0,16899.0,,,,,,,,,,,,
21,12143.0,,,,,,,,,,,,
68,837.0,,,,,,,,,,,,
322,569.0,,,,,,,,,,,,
474,837.0,,,,,,,,,,,,
636,837.0,,,,,,,,,,,,
823,2847.0,,,,,,,,,,,,
954,39385.0,,,,,,,,,,,,
995,4762.0,,,,,,,,,,,,
1014,837.0,,,,,,,,,,,,
1092,55670.0,,,,,,,,,,,,
1174,837.0,,,,,,,,,,,,
1251,18015.0,,,,,,,,,,,,
1365,184.0,,,,,,,,,,,,
1607,770.0,,,,,,,,,,,,
1728,2847.0,,,,,,,,,,,,
1787,837.0,,,,,,,,,,,,
1817,303.0,,,,,,,,,,,,
2055,17889.0,,,,,,,,,,,,
2287,184.0,,,,,,,,,,,,
2392,303.0,,,,,,,,,,,,
2393,184.0,,,,,,,,,,,,
2425,837.0,,,,,,,,,,,,
2592,9465.0,,,,,,,,,,,,
2675,1531.0,,,,,,,,,,,,
2834,1531.0,,,,,,,,,,,,
2911,45282.0,,,,,,,,,,,,
3136,1531.0,,,,,,,,,,,,
3557,11430.0,,,,,,,,,,,,
3689,17701.0,,,,,,,,,,,,
3952,77571.0,,,,,,,,,,,,
4137,18015.0,,,,,,,,,,,,
4363,303.0,,,,,,,,,,,,
4474,184.0,,,,,,,,,,,,
4527,2847.0,,,,,,,,,,,,
4715,4762.0,,,,,,,,,,,,
4848,184.0,,,,,,,,,,,,
4914,303.0,,,,,,,,,,,,
4967,733.0,,,,,,,,,,,,
4991,31375.0,,,,,,,,,,,,
5035,40181.0,,,,,,,,,,,,
5285,184.0,,,,,,,,,,,,
5640,24374.0,,,,,,,,,,,,
5643,1281.0,,,,,,,,,,,,
5914,1531.0,,,,,,,,,,,,
6060,184.0,,,,,,,,,,,,
6135,4656.0,,,,,,,,,,,,
6224,184.0,,,,,,,,,,,,
6244,303.0,,,,,,,,,,,,
6254,569.0,,,,,,,,,,,,
6263,1531.0,,,,,,,,,,,,
6594,38740.0,,,,,,,,,,,,
6760,17803.0,,,,,,,,,,,,
6806,14337.0,,,,,,,,,,,,
6834,569.0,,,,,,,,,,,,
7033,837.0,,,,,,,,,,,,
7106,733.0,,,,,,,,,,,,
7151,16264.0,,,,,,,,,,,,
7569,184.0,,,,,,,,,,,,
7597,437.0,,,,,,,,,,,,
7623,837.0,,,,,,,,,,,,
7626,4762.0,,,,,,,,,,,,
7630,837.0,,,,,,,,,,,,
7679,3211.0,,,,,,,,,,,,
7967,12858.0,,,,,,,,,,,,
8014,12247.0,,,,,,,,,,,,
8063,303.0,,,,,,,,,,,,
8074,375.0,,,,,,,,,,,,
8138,837.0,,,,,,,,,,,,
8252,569.0,,,,,,,,,,,,
8379,569.0,,,,,,,,,,,,
8491,1335.0,,,,,,,,,,,,
8566,733.0,,,,,,,,,,,,
8784,837.0,,,,,,,,,,,,
8913,303.0,,,,,,,,,,,,
9011,303.0,,,,,,,,,,,,
9134,837.0,,,,,,,,,,,,
9229,375.0,,,,,,,,,,,,
9230,837.0,,,,,,,,,,,,
9237,4762.0,,,,,,,,,,,,
9242,569.0,,,,,,,,,,,,
9764,2648.0,,,,,,,,,,,,
9798,119.0,,,,,,,,,,,,
9912,733.0,,,,,,,,,,,,
9989,303.0,,,,,,,,,,,,
10006,50935.0,,,,,,,,,,,,
10013,19570.0,,,,,,,,,,,,
11021,2847.0,,,,,,,,,,,,
11031,733.0,,,,,,,,,,,,
11125,5700.0,,,,,,,,,,,,
11189,184.0,,,,,,,,,,,,
11232,17803.0,,,,,,,,,,,,
11353,733.0,,,,,,,,,,,,
11550,837.0,,,,,,,,,,,,
11570,2847.0,,,,,,,,,,,,
11643,184.0,,,,,,,,,,,,
11675,837.0,,,,,,,,,,,,
11921,4656.0,,,,,,,,,,,,
12046,230.0,,,,,,,,,,,,
12161,837.0,,,,,,,,,,,,
12283,303.0,,,,,,,,,,,,
12759,9233.0,,,,,,,,,,,,
12970,35613.0,,,,,,,,,,,,
12974,184.0,,,,,,,,,,,,
13081,375.0,,,,,,,,,,,,
13223,658.0,,,,,,,,,,,,
13332,569.0,,,,,,,,,,,,
13344,184.0,,,,,,,,,,,,
13599,3312.0,,,,,,,,,,,,
13732,2732.0,,,,,,,,,,,,
13758,837.0,,,,,,,,,,,,
13769,303.0,,,,,,,,,,,,
13959,18527.0,,,,,,,,,,,,
14227,303.0,,,,,,,,,,,,
14649,437.0,,,,,,,,,,,,
15009,184.0,,,,,,,,,,,,
15032,375.0,,,,,,,,,,,,
15108,184.0,,,,,,,,,,,,
15232,2847.0,,,,,,,,,,,,
15275,3211.0,,,,,,,,,,,,
15475,2648.0,,,,,,,,,,,,
15520,9561.0,,,,,,,,,,,,
15536,1153.0,,,,,,,,,,,,
15562,2732.0,,,,,,,,,,,,
15605,184.0,,,,,,,,,,,,
15612,837.0,,,,,,,,,,,,
15733,837.0,,,,,,,,,,,,
15940,375.0,,,,,,,,,,,,
16208,837.0,,,,,,,,,,,,
16231,1531.0,,,,,,,,,,,,
16248,837.0,,,,,,,,,,,,
16249,9561.0,,,,,,,,,,,,
16402,678.0,,,,,,,,,,,,
16566,9561.0,,,,,,,,,,,,
16751,3961.0,,,,,,,,,,,,
16830,922.0,,,,,,,,,,,,
17216,569.0,,,,,,,,,,,,
17400,837.0,,,,,,,,,,,,
17408,1799.0,,,,,,,,,,,,
17784,922.0,,,,,,,,,,,,
17979,733.0,,,,,,,,,,,,
18066,1531.0,,,,,,,,,,,,
18261,16449.0,,,,,,,,,,,,
18321,184.0,,,,,,,,,,,,
18636,4762.0,,,,,,,,,,,,
18748,437.0,,,,,,,,,,,,
18811,1531.0,,,,,,,,,,,,
18845,837.0,,,,,,,,,,,,
19019,837.0,,,,,,,,,,,,
19170,2847.0,,,,,,,,,,,,
19274,33303.0,,,,,,,,,,,,
19309,119.0,,,,,,,,,,,,
19691,837.0,,,,,,,,,,,,
19720,1531.0,,,,,,,,,,,,
19846,837.0,,,,,,,,,,,,
19924,5785.0,,,,,,,,,,,,
20231,5785.0,,,,,,,,,,,,
20354,837.0,,,,,,,,,,,,
20567,4762.0,,,,,,,,,,,,
20752,184.0,,,,,,,,,,,,
20906,184.0,,,,,,,,,,,,
21120,658.0,,,,,,,,,,,,
21177,569.0,,,,,,,,,,,,
21500,184.0,,,,,,,,,,,,
21570,375.0,,,,,,,,,,,,
21617,39923.0,,,,,,,,,,,,
21729,3716.0,,,,,,,,,,,,
21738,437.0,,,,,,,,,,,,
21804,9233.0,,,,,,,,,,,,
21959,34923.0,,,,,,,,,,,,
22141,375.0,,,,,,,,,,,,
22393,184.0,,,,,,,,,,,,
22468,9203.0,,,,,,,,,,,,
22493,1531.0,,,,,,,,,,,,
22565,375.0,,,,,,,,,,,,
22724,35613.0,,,,,,,,,,,,
22797,34923.0,,,,,,,,,,,,
22851,184.0,,,,,,,,,,,,
23033,837.0,,,,,,,,,,,,
23184,733.0,,,,,,,,,,,,
23470,733.0,,,,,,,,,,,,
23625,3355.0,,,,,,,,,,,,
23651,303.0,,,,,,,,,,,,
23771,1531.0,,,,,,,,,,,,
23802,12858.0,,,,,,,,,,,,
23878,184.0,,,,,,,,,,,,
23897,569.0,,,,,,,,,,,,
24137,9561.0,,,,,,,,,,,,
24166,17532.0,,,,,,,,,,,,
24398,25756.0,,,,,,,,,,,,
24505,184.0,,,,,,,,,,,,
24683,837.0,,,,,,,,,,,,
24809,35613.0,,,,,,,,,,,,
24868,15858.0,,,,,,,,,,,,
24912,2847.0,,,,,,,,,,,,
24913,9905.0,,,,,,,,,,,,
25039,1531.0,,,,,,,,,,,,
25164,4317.0,,,,,,,,,,,,
25209,9561.0,,,,,,,,,,,,
25236,2164.0,,,,,,,,,,,,
25565,837.0,,,,,,,,,,,,
25870,6700.0,,,,,,,,,,,,
25889,184.0,,,,,,,,,,,,
25946,837.0,,,,,,,,,,,,
26474,569.0,,,,,,,,,,,,
26503,2847.0,,,,,,,,,,,,
26526,50935.0,,,,,,,,,,,,
26677,837.0,,,,,,,,,,,,
26682,1531.0,,,,,,,,,,,,
26757,303.0,,,,,,,,,,,,
26870,303.0,,,,,,,,,,,,
26909,39385.0,,,,,,,,,,,,
26973,837.0,,,,,,,,,,,,
27002,837.0,,,,,,,,,,,,
27025,27718.0,,,,,,,,,,,,
27162,837.0,,,,,,,,,,,,
27234,837.0,,,,,,,,,,,,
27391,34185.0,,,,,,,,,,,,
27414,3312.0,,,,,,,,,,,,
27471,2847.0,,,,,,,,,,,,
27609,9561.0,,,,,,,,,,,,
27784,184.0,,,,,,,,,,,,
27810,184.0,,,,,,,,,,,,
27940,27430.0,,,,,,,,,,,,
28005,184.0,,,,,,,,,,,,
28122,837.0,,,,,,,,,,,,
28186,569.0,,,,,,,,,,,,
28322,30115.0,,,,,,,,,,,,
28511,15640.0,,,,,,,,,,,,
28708,184.0,,,,,,,,,,,,
29029,184.0,,,,,,,,,,,,
29086,2847.0,,,,,,,,,,,,
29282,837.0,,,,,,,,,,,,
29485,184.0,,,,,,,,,,,,
29539,6530.0,,,,,,,,,,,,
29568,184.0,,,,,,,,,,,,
29600,3355.0,,,,,,,,,,,,
29849,7115.0,,,,,,,,,,,,
29974,7115.0,,,,,,,,,,,,
30052,6521.0,,,,,,,,,,,,
30061,17889.0,,,,,,,,,,,,
30120,19203.0,,,,,,,,,,,,
30353,67850.0,,,,,,,,,,,,
30671,644.0,,,,,,,,,,,,
30705,603.0,,,,,,,,,,,,
30914,184.0,,,,,,,,,,,,
30988,569.0,,,,,,,,,,,,
31124,569.0,,,,,,,,,,,,
31220,569.0,,,,,,,,,,,,
31225,658.0,,,,,,,,,,,,
31233,837.0,,,,,,,,,,,,
31293,2847.0,,,,,,,,,,,,
31376,184.0,,,,,,,,,,,,
31437,837.0,,,,,,,,,,,,
31645,2164.0,,,,,,,,,,,,
31682,9052.0,,,,,,,,,,,,
32335,603.0,,,,,,,,,,,,
32628,34923.0,,,,,,,,,,,,
32661,437.0,,,,,,,,,,,,
32663,569.0,,,,,,,,,,,,
32766,15830.0,,,,,,,,,,,,
33111,837.0,,,,,,,,,,,,
33251,184.0,,,,,,,,,,,,
33342,9561.0,,,,,,,,,,,,
33404,2847.0,,,,,,,,,,,,
33608,837.0,,,,,,,,,,,,
33796,184.0,,,,,,,,,,,,
33986,4762.0,,,,,,,,,,,,
34096,20298.0,,,,,,,,,,,,
34186,837.0,,,,,,,,,,,,
34298,184.0,,,,,,,,,,,,
34394,3355.0,,,,,,,,,,,,
34636,837.0,,,,,,,,,,,,
34723,184.0,,,,,,,,,,,,
34879,4656.0,,,,,,,,,,,,
34985,437.0,,,,,,,,,,,,
35328,303.0,,,,,,,,,,,,
35347,3355.0,,,,,,,,,,,,
35435,2732.0,,,,,,,,,,,,
35648,837.0,,,,,,,,,,,,
35704,837.0,,,,,,,,,,,,
35783,1531.0,,,,,,,,,,,,
35824,15287.0,,,,,,,,,,,,
35957,569.0,,,,,,,,,,,,
36208,184.0,,,,,,,,,,,,
36654,6521.0,,,,,,,,,,,,
36671,184.0,,,,,,,,,,,,
36871,3312.0,,,,,,,,,,,,
36883,837.0,,,,,,,,,,,,
36923,569.0,,,,,,,,,,,,
36947,12286.0,,,,,,,,,,,,
36973,184.0,,,,,,,,,,,,
37214,230.0,,,,,,,,,,,,
37242,23716.0,,,,,,,,,,,,
37366,184.0,,,,,,,,,,,,
37516,837.0,,,,,,,,,,,,
37889,569.0,,,,,,,,,,,,
38109,837.0,,,,,,,,,,,,
38166,303.0,,,,,,,,,,,,
38203,837.0,,,,,,,,,,,,
38362,837.0,,,,,,,,,,,,
38436,603.0,,,,,,,,,,,,
38447,9233.0,,,,,,,,,,,,
38559,3355.0,,,,,,,,,,,,
38812,2847.0,,,,,,,,,,,,
38891,30115.0,,,,,,,,,,,,
38894,166.0,,,,,,,,,,,,
38899,837.0,,,,,,,,,,,,
39004,4762.0,,,,,,,,,,,,
39057,837.0,,,,,,,,,,,,
39083,45832.0,,,,,,,,,,,,
39262,569.0,,,,,,,,,,,,
39289,1531.0,,,,,,,,,,,,
39293,184.0,,,,,,,,,,,,
39359,770.0,,,,,,,,,,,,
39431,184.0,,,,,,,,,,,,
39492,375.0,,,,,,,,,,,,
39644,1153.0,,,,,,,,,,,,
39664,837.0,,,,,,,,,,,,
39672,184.0,,,,,,,,,,,,
39731,837.0,,,,,,,,,,,,
40027,375.0,,,,,,,,,,,,
40075,184.0,,,,,,,,,,,,
40271,837.0,,,,,,,,,,,,
40506,569.0,,,,,,,,,,,,
40539,9233.0,,,,,,,,,,,,
40598,2164.0,,,,,,,,,,,,
40699,658.0,,,,,,,,,,,,
40713,13005.0,,,,,,,,,,,,
40836,1531.0,,,,,,,,,,,,
40954,837.0,,,,,,,,,,,,
41197,1531.0,,,,,,,,,,,,
41284,184.0,,,,,,,,,,,,
41587,837.0,,,,,,,,,,,,
41650,3328.0,,,,,,,,,,,,
41735,184.0,,,,,,,,,,,,
41752,1531.0,,,,,,,,,,,,
41789,303.0,,,,,,,,,,,,
41891,569.0,,,,,,,,,,,,
42251,27733.0,,,,,,,,,,,,
42373,184.0,,,,,,,,,,,,
42494,837.0,,,,,,,,,,,,
42560,375.0,,,,,,,,,,,,
42861,2847.0,,,,,,,,,,,,
42896,10860.0,,,,,,,,,,,,
42928,375.0,,,,,,,,,,,,
43161,184.0,,,,,,,,,,,,
43177,9561.0,,,,,,,,,,,,
43244,184.0,,,,,,,,,,,,
43299,184.0,,,,,,,,,,,,
43392,2732.0,,,,,,,,,,,,
43453,1531.0,,,,,,,,,,,,
43508,32017.0,,,,,,,,,,,,
43569,3355.0,,,,,,,,,,,,
43675,437.0,,,,,,,,,,,,
43697,44533.0,,,,,,,,,,,,
43724,2847.0,,,,,,,,,,,,
43816,837.0,,,,,,,,,,,,
43894,9233.0,,,,,,,,,,,,
43895,5700.0,,,,,,,,,,,,
43960,76261.0,,,,,,,,,,,,
44087,5785.0,,,,,,,,,,,,
44576,8902.0,,,,,,,,,,,,
44730,6786.0,,,,,,,,,,,,
44769,2847.0,,,,,,,,,,,,
44840,2847.0,,,,,,,,,,,,
44893,3716.0,,,,,,,,,,,,
44919,1531.0,,,,,,,,,,,,
45175,184.0,,,,,,,,,,,,
45224,1531.0,,,,,,,,,,,,
45260,837.0,,,,,,,,,,,,
45273,837.0,,,,,,,,,,,,
45431,184.0,,,,,,,,,,,,
45621,4762.0,,,,,,,,,,,,
45665,184.0,,,,,,,,,,,,
45807,2732.0,,,,,,,,,,,,
45826,658.0,,,,,,,,,,,,
46091,437.0,,,,,,,,,,,,
46127,5785.0,,,,,,,,,,,,
46128,19570.0,,,,,,,,,,,,
46154,2847.0,,,,,,,,,,,,
46252,837.0,,,,,,,,,,,,
46346,9561.0,,,,,,,,,,,,
46395,837.0,,,,,,,,,,,,
46427,184.0,,,,,,,,,,,,
46431,5700.0,,,,,,,,,,,,
46469,569.0,,,,,,,,,,,,
46577,569.0,,,,,,,,,,,,
46859,184.0,,,,,,,,,,,,
47052,569.0,,,,,,,,,,,,
47299,2732.0,,,,,,,,,,,,
47350,837.0,,,,,,,,,,,,
47441,1531.0,,,,,,,,,,,,
47657,837.0,,,,,,,,,,,,
47786,9233.0,,,,,,,,,,,,
47821,837.0,,,,,,,,,,,,
47939,837.0,,,,,,,,,,,,
47993,39923.0,,,,,,,,,,,,
48147,184.0,,,,,,,,,,,,
48161,9233.0,,,,,,,,,,,,
48181,2847.0,,,,,,,,,,,,
48338,9233.0,,,,,,,,,,,,
48403,837.0,,,,,,,,,,,,
48455,569.0,,,,,,,,,,,,
48508,51647.0,,,,,,,,,,,,
48647,7308.0,,,,,,,,,,,,
48753,184.0,,,,,,,,,,,,
49104,184.0,,,,,,,,,,,,
49146,23716.0,,,,,,,,,,,,
49511,837.0,,,,,,,,,,,,
49673,837.0,,,,,,,,,,,,
49804,303.0,,,,,,,,,,,,
50163,2847.0,,,,,,,,,,,,
50164,837.0,,,,,,,,,,,,
50231,19203.0,,,,,,,,,,,,
50369,18854.0,,,,,,,,,,,,
50573,733.0,,,,,,,,,,,,
50646,15858.0,,,,,,,,,,,,
50792,1531.0,,,,,,,,,,,,
50887,303.0,,,,,,,,,,,,
50922,658.0,,,,,,,,,,,,
51143,837.0,,,,,,,,,,,,
51228,837.0,,,,,,,,,,,,
51286,837.0,,,,,,,,,,,,
51466,837.0,,,,,,,,,,,,
51577,3355.0,,,,,,,,,,,,
51691,837.0,,,,,,,,,,,,
51716,1531.0,,,,,,,,,,,,
51834,3355.0,,,,,,,,,,,,
51894,569.0,,,,,,,,,,,,
52052,12247.0,,,,,,,,,,,,
52199,9233.0,,,,,,,,,,,,
52227,837.0,,,,,,,,,,,,
52265,184.0,,,,,,,,,,,,
52419,837.0,,,,,,,,,,,,
52424,303.0,,,,,,,,,,,,
52481,837.0,,,,,,,,,,,,
52630,3716.0,,,,,,,,,,,,
52642,658.0,,,,,,,,,,,,
52651,9561.0,,,,,,,,,,,,
52688,658.0,,,,,,,,,,,,
52943,8873.0,,,,,,,,,,,,
53137,303.0,,,,,,,,,,,,
53149,184.0,,,,,,,,,,,,
53288,837.0,,,,,,,,,,,,
53352,733.0,,,,,,,,,,,,
53455,23716.0,,,,,,,,,,,,
53506,1849.0,,,,,,,,,,,,
53534,184.0,,,,,,,,,,,,
53627,184.0,,,,,,,,,,,,
53677,1153.0,,,,,,,,,,,,
53915,43227.0,,,,,,,,,,,,
54050,3312.0,,,,,,,,,,,,
54099,733.0,,,,,,,,,,,,
54127,9561.0,,,,,,,,,,,,
54384,12455.0,,,,,,,,,,,,
54667,837.0,,,,,,,,,,,,
54798,2847.0,,,,,,,,,,,,
54802,65915.0,,,,,,,,,,,,
54861,569.0,,,,,,,,,,,,
55305,382.0,,,,,,,,,,,,
55373,837.0,,,,,,,,,,,,
55601,837.0,,,,,,,,,,,,
55619,29720.0,,,,,,,,,,,,
55790,28985.0,,,,,,,,,,,,
55800,184.0,,,,,,,,,,,,
56021,34185.0,,,,,,,,,,,,
56141,4394.0,,,,,,,,,,,,
56248,837.0,,,,,,,,,,,,
56572,569.0,,,,,,,,,,,,
56957,303.0,,,,,,,,,,,,
57028,34185.0,,,,,,,,,,,,
57141,63427.0,,,,,,,,,,,,
57184,2847.0,,,,,,,,,,,,
57206,230.0,,,,,,,,,,,,
57297,4762.0,,,,,,,,,,,,
57752,184.0,,,,,,,,,,,,
57955,658.0,,,,,,,,,,,,
58189,437.0,,,,,,,,,,,,
58656,837.0,,,,,,,,,,,,
58748,603.0,,,,,,,,,,,,
59151,303.0,,,,,,,,,,,,
59158,3355.0,,,,,,,,,,,,
59251,569.0,,,,,,,,,,,,
59423,184.0,,,,,,,,,,,,
59721,1531.0,,,,,,,,,,,,
59762,5785.0,,,,,,,,,,,,
59802,28985.0,,,,,,,,,,,,
59948,837.0,,,,,,,,,,,,
59949,837.0,,,,,,,,,,,,
60068,2164.0,,,,,,,,,,,,
60094,437.0,,,,,,,,,,,,
60172,3355.0,,,,,,,,,,,,
60273,569.0,,,,,,,,,,,,
60277,65915.0,,,,,,,,,,,,
60541,837.0,,,,,,,,,,,,
60720,184.0,,,,,,,,,,,,
60822,6700.0,,,,,,,,,,,,
60861,569.0,,,,,,,,,,,,
61057,837.0,,,,,,,,,,,,
61248,837.0,,,,,,,,,,,,
61360,7094.0,,,,,,,,,,,,
61452,184.0,,,,,,,,,,,,
61527,303.0,,,,,,,,,,,,
61549,837.0,,,,,,,,,,,,
61734,837.0,,,,,,,,,,,,
61901,184.0,,,,,,,,,,,,
62124,2648.0,,,,,,,,,,,,
62402,837.0,,,,,,,,,,,,
62423,9233.0,,,,,,,,,,,,
62599,21810.0,,,,,,,,,,,,
62700,303.0,,,,,,,,,,,,
62884,2847.0,,,,,,,,,,,,
62885,303.0,,,,,,,,,,,,
62894,9561.0,,,,,,,,,,,,
62907,569.0,,,,,,,,,,,,
62954,837.0,,,,,,,,,,,,
63083,30115.0,,,,,,,,,,,,
63113,733.0,,,,,,,,,,,,
63367,184.0,,,,,,,,,,,,
63750,5785.0,,,,,,,,,,,,
63840,22286.0,,,,,,,,,,,,
63937,837.0,,,,,,,,,,,,
63989,184.0,,,,,,,,,,,,
63990,16899.0,,,,,,,,,,,,
64005,375.0,,,,,,,,,,,,
64080,2847.0,,,,,,,,,,,,
64175,569.0,,,,,,,,,,,,
64211,30115.0,,,,,,,,,,,,
64251,184.0,,,,,,,,,,,,
64350,303.0,,,,,,,,,,,,
64702,40969.0,,,,,,,,,,,,
64789,837.0,,,,,,,,,,,,
64876,2847.0,,,,,,,,,,,,
64912,1531.0,,,,,,,,,,,,
64938,303.0,,,,,,,,,,,,
65035,303.0,,,,,,,,,,,,
65147,303.0,,,,,,,,,,,,
65209,569.0,,,,,,,,,,,,
65247,2648.0,,,,,,,,,,,,
65395,5785.0,,,,,,,,,,,,
65400,2164.0,,,,,,,,,,,,
65518,733.0,,,,,,,,,,,,
65572,3355.0,,,,,,,,,,,,
65655,14337.0,,,,,,,,,,,,
65982,12858.0,,,,,,,,,,,,
66078,184.0,,,,,,,,,,,,
66165,43227.0,,,,,,,,,,,,
66332,30115.0,,,,,,,,,,,,
66446,837.0,,,,,,,,,,,,
66508,184.0,,,,,,,,,,,,
66897,6521.0,,,,,,,,,,,,
66898,837.0,,,,,,,,,,,,
67549,37188.0,,,,,,,,,,,,
67560,837.0,,,,,,,,,,,,
67669,922.0,,,,,,,,,,,,
67926,5785.0,,,,,,,,,,,,
67982,184.0,,,,,,,,,,,,
68129,184.0,,,,,,,,,,,,
68218,184.0,,,,,,,,,,,,
68325,1531.0,,,,,,,,,,,,
68343,569.0,,,,,,,,,,,,
68684,375.0,,,,,,,,,,,,
68925,9561.0,,,,,,,,,,,,
68955,70742.0,,,,,,,,,,,,
69132,837.0,,,,,,,,,,,,
69324,569.0,,,,,,,,,,,,
69480,837.0,,,,,,,,,,,,
69579,2732.0,,,,,,,,,,,,
69622,733.0,,,,,,,,,,,,
69624,6963.0,,,,,,,,,,,,
69665,184.0,,,,,,,,,,,,
69912,569.0,,,,,,,,,,,,
69947,184.0,,,,,,,,,,,,
69952,9561.0,,,,,,,,,,,,
70103,52444.0,,,,,,,,,,,,
70297,837.0,,,,,,,,,,,,
70323,2089.0,,,,,,,,,,,,
70376,184.0,,,,,,,,,,,,
70607,39654.0,,,,,,,,,,,,
70693,184.0,,,,,,,,,,,,
70962,9052.0,,,,,,,,,,,,
70976,184.0,,,,,,,,,,,,
70998,9561.0,,,,,,,,,,,,
71298,837.0,,,,,,,,,,,,
71358,63241.0,,,,,,,,,,,,
71381,837.0,,,,,,,,,,,,
71582,348.0,,,,,,,,,,,,
71713,1335.0,,,,,,,,,,,,
71759,375.0,,,,,,,,,,,,
71826,837.0,,,,,,,,,,,,
72077,1531.0,,,,,,,,,,,,
72174,3312.0,,,,,,,,,,,,
72350,65915.0,,,,,,,,,,,,
72463,13975.0,,,,,,,,,,,,
72538,569.0,,,,,,,,,,,,
72675,9561.0,,,,,,,,,,,,
72784,184.0,,,,,,,,,,,,
72834,837.0,,,,,,,,,,,,
72955,3312.0,,,,,,,,,,,,
72989,658.0,,,,,,,,,,,,
73063,119.0,,,,,,,,,,,,
73345,19203.0,,,,,,,,,,,,
73383,9561.0,,,,,,,,,,,,
73385,1531.0,,,,,,,,,,,,
73506,17803.0,,,,,,,,,,,,
73507,119.0,,,,,,,,,,,,
73648,569.0,,,,,,,,,,,,
73753,922.0,,,,,,,,,,,,
73898,375.0,,,,,,,,,,,,
74061,184.0,,,,,,,,,,,,
74062,1531.0,,,,,,,,,,,,
74171,43227.0,,,,,,,,,,,,
74232,837.0,,,,,,,,,,,,
74292,184.0,,,,,,,,,,,,
74331,46933.0,,,,,,,,,,,,
74430,837.0,,,,,,,,,,,,
74500,375.0,,,,,,,,,,,,
74576,569.0,,,,,,,,,,,,
74596,6963.0,,,,,,,,,,,,
74694,375.0,,,,,,,,,,,,
74813,184.0,,,,,,,,,,,,
74845,15858.0,,,,,,,,,,,,
75024,658.0,,,,,,,,,,,,
75219,658.0,,,,,,,,,,,,
75498,837.0,,,,,,,,,,,,
75554,9233.0,,,,,,,,,,,,
75577,184.0,,,,,,,,,,,,
75615,2164.0,,,,,,,,,,,,
75662,303.0,,,,,,,,,,,,
75699,837.0,,,,,,,,,,,,
75727,22031.0,,,,,,,,,,,,
75835,303.0,,,,,,,,,,,,
75880,837.0,,,,,,,,,,,,
76061,658.0,,,,,,,,,,,,
76149,184.0,,,,,,,,,,,,
76170,569.0,,,,,,,,,,,,
76256,30115.0,,,,,,,,,,,,
76330,437.0,,,,,,,,,,,,
76466,303.0,,,,,,,,,,,,
76726,32952.0,,,,,,,,,,,,
76789,922.0,,,,,,,,,,,,
76848,8495.0,,,,,,,,,,,,
77019,837.0,,,,,,,,,,,,
77093,184.0,,,,,,,,,,,,
77371,658.0,,,,,,,,,,,,
77426,569.0,,,,,,,,,,,,
77558,6521.0,,,,,,,,,,,,
77646,837.0,,,,,,,,,,,,
77766,3811.0,,,,,,,,,,,,
77851,46933.0,,,,,,,,,,,,
77962,184.0,,,,,,,,,,,,
78029,184.0,,,,,,,,,,,,
78071,569.0,,,,,,,,,,,,
410,,5490.0,,,,,,,,,,,
445,,13.0,,,,,,,,,,,
1179,,2831.0,,,,,,,,,,,
1277,,351.0,,,,,,,,,,,
1332,,13.0,,,,,,,,,,,
1625,,10032.0,,,,,,,,,,,
1739,,1338.0,,,,,,,,,,,
3239,,2831.0,,,,,,,,,,,
3534,,13.0,,,,,,,,,,,
5174,,1480.0,,,,,,,,,,,
5619,,5490.0,,,,,,,,,,,
5667,,781.0,,,,,,,,,,,
5878,,781.0,,,,,,,,,,,
6534,,7431.0,,,,,,,,,,,
6772,,781.0,,,,,,,,,,,
6901,,7058.0,,,,,,,,,,,
7482,,656.0,,,,,,,,,,,
7904,,13.0,,,,,,,,,,,
8357,,7871.0,,,,,,,,,,,
8812,,5490.0,,,,,,,,,,,
8959,,781.0,,,,,,,,,,,
9092,,2117.0,,,,,,,,,,,
9218,,22672.0,,,,,,,,,,,
10230,,2677.0,,,,,,,,,,,
10404,,19312.0,,,,,,,,,,,
11000,,501.0,,,,,,,,,,,
11324,,19631.0,,,,,,,,,,,
11496,,13.0,,,,,,,,,,,
11609,,5646.0,,,,,,,,,,,
12569,,13.0,,,,,,,,,,,
13608,,73973.0,,,,,,,,,,,
13910,,13.0,,,,,,,,,,,
14711,,781.0,,,,,,,,,,,
14719,,781.0,,,,,,,,,,,
14895,,13.0,,,,,,,,,,,
15259,,11953.0,,,,,,,,,,,
15267,,781.0,,,,,,,,,,,
15698,,5490.0,,,,,,,,,,,
15711,,13.0,,,,,,,,,,,
16321,,13.0,,,,,,,,,,,
16325,,6936.0,,,,,,,,,,,
16464,,781.0,,,,,,,,,,,
16484,,13.0,,,,,,,,,,,
16558,,22133.0,,,,,,,,,,,
16598,,43460.0,,,,,,,,,,,
17209,,14287.0,,,,,,,,,,,
17420,,781.0,,,,,,,,,,,
17461,,14956.0,,,,,,,,,,,
18289,,5490.0,,,,,,,,,,,
18973,,19264.0,,,,,,,,,,,
19399,,781.0,,,,,,,,,,,
19497,,5490.0,,,,,,,,,,,
19642,,2194.0,,,,,,,,,,,
19888,,5646.0,,,,,,,,,,,
20001,,351.0,,,,,,,,,,,
20095,,5490.0,,,,,,,,,,,
20328,,781.0,,,,,,,,,,,
20525,,32797.0,,,,,,,,,,,
20831,,1480.0,,,,,,,,,,,
21250,,13.0,,,,,,,,,,,
21775,,2596.0,,,,,,,,,,,
22519,,5490.0,,,,,,,,,,,
23040,,13.0,,,,,,,,,,,
23228,,2677.0,,,,,,,,,,,
24173,,351.0,,,,,,,,,,,
25042,,7058.0,,,,,,,,,,,
25370,,13.0,,,,,,,,,,,
25726,,7058.0,,,,,,,,,,,
25810,,5490.0,,,,,,,,,,,
26035,,13.0,,,,,,,,,,,
26163,,16253.0,,,,,,,,,,,
26193,,781.0,,,,,,,,,,,
26220,,7058.0,,,,,,,,,,,
27166,,781.0,,,,,,,,,,,
27883,,74519.0,,,,,,,,,,,
27961,,5490.0,,,,,,,,,,,
27980,,781.0,,,,,,,,,,,
28121,,13.0,,,,,,,,,,,
29779,,351.0,,,,,,,,,,,
29884,,781.0,,,,,,,,,,,
29944,,2117.0,,,,,,,,,,,
30092,,351.0,,,,,,,,,,,
30392,,6324.0,,,,,,,,,,,
30485,,19312.0,,,,,,,,,,,
30502,,13.0,,,,,,,,,,,
30836,,13443.0,,,,,,,,,,,
31131,,5646.0,,,,,,,,,,,
31330,,17883.0,,,,,,,,,,,
32426,,13.0,,,,,,,,,,,
32524,,13744.0,,,,,,,,,,,
32635,,2677.0,,,,,,,,,,,
33019,,351.0,,,,,,,,,,,
33083,,1833.0,,,,,,,,,,,
33655,,13.0,,,,,,,,,,,
33868,,4187.0,,,,,,,,,,,
34304,,781.0,,,,,,,,,,,
34696,,2117.0,,,,,,,,,,,
35292,,781.0,,,,,,,,,,,
35805,,25448.0,,,,,,,,,,,
36010,,9913.0,,,,,,,,,,,
36028,,7058.0,,,,,,,,,,,
36270,,781.0,,,,,,,,,,,
36330,,781.0,,,,,,,,,,,
36377,,7058.0,,,,,,,,,,,
36477,,781.0,,,,,,,,,,,
36921,,13.0,,,,,,,,,,,
37107,,2117.0,,,,,,,,,,,
37551,,40969.0,,,,,,,,,,,
37621,,13.0,,,,,,,,,,,
38118,,13.0,,,,,,,,,,,
38195,,781.0,,,,,,,,,,,
38338,,781.0,,,,,,,,,,,
38476,,5646.0,,,,,,,,,,,
38518,,10032.0,,,,,,,,,,,
38674,,781.0,,,,,,,,,,,
38877,,13.0,,,,,,,,,,,
38983,,2194.0,,,,,,,,,,,
39067,,781.0,,,,,,,,,,,
40023,,5646.0,,,,,,,,,,,
40024,,13.0,,,,,,,,,,,
41041,,781.0,,,,,,,,,,,
41075,,781.0,,,,,,,,,,,
41579,,5452.0,,,,,,,,,,,
43030,,13.0,,,,,,,,,,,
43464,,4995.0,,,,,,,,,,,
43686,,2117.0,,,,,,,,,,,
44707,,5646.0,,,,,,,,,,,
45033,,3645.0,,,,,,,,,,,
45567,,351.0,,,,,,,,,,,
45568,,5490.0,,,,,,,,,,,
45833,,2831.0,,,,,,,,,,,
45848,,9544.0,,,,,,,,,,,
45885,,10669.0,,,,,,,,,,,
45943,,1338.0,,,,,,,,,,,
47406,,13.0,,,,,,,,,,,
47544,,19631.0,,,,,,,,,,,
47960,,14771.0,,,,,,,,,,,
48140,,781.0,,,,,,,,,,,
48643,,1729.0,,,,,,,,,,,
48778,,781.0,,,,,,,,,,,
49066,,7431.0,,,,,,,,,,,
49160,,2117.0,,,,,,,,,,,
49193,,13.0,,,,,,,,,,,
49270,,351.0,,,,,,,,,,,
49833,,1469.0,,,,,,,,,,,
50672,,13.0,,,,,,,,,,,
50684,,781.0,,,,,,,,,,,
50908,,2194.0,,,,,,,,,,,
51288,,781.0,,,,,,,,,,,
52010,,13.0,,,,,,,,,,,
53665,,2117.0,,,,,,,,,,,
53682,,351.0,,,,,,,,,,,
53996,,5452.0,,,,,,,,,,,
54656,,13.0,,,,,,,,,,,
55317,,32797.0,,,,,,,,,,,
55771,,13.0,,,,,,,,,,,
56267,,6491.0,,,,,,,,,,,
56863,,781.0,,,,,,,,,,,
58126,,781.0,,,,,,,,,,,
58156,,7431.0,,,,,,,,,,,
58282,,781.0,,,,,,,,,,,
58982,,5452.0,,,,,,,,,,,
59513,,2932.0,,,,,,,,,,,
59625,,13.0,,,,,,,,,,,
60049,,781.0,,,,,,,,,,,
60343,,781.0,,,,,,,,,,,
60447,,2117.0,,,,,,,,,,,
60596,,13.0,,,,,,,,,,,
61827,,10032.0,,,,,,,,,,,
62174,,10032.0,,,,,,,,,,,
62324,,13.0,,,,,,,,,,,
62717,,781.0,,,,,,,,,,,
62806,,7058.0,,,,,,,,,,,
62807,,36576.0,,,,,,,,,,,
62953,,781.0,,,,,,,,,,,
63643,,1729.0,,,,,,,,,,,
63902,,6363.0,,,,,,,,,,,
63991,,781.0,,,,,,,,,,,
64643,,2831.0,,,,,,,,,,,
65738,,781.0,,,,,,,,,,,
65976,,13.0,,,,,,,,,,,
66556,,351.0,,,,,,,,,,,
66980,,781.0,,,,,,,,,,,
67188,,19264.0,,,,,,,,,,,
67768,,13.0,,,,,,,,,,,
68169,,781.0,,,,,,,,,,,
68318,,13.0,,,,,,,,,,,
68720,,13.0,,,,,,,,,,,
68744,,13.0,,,,,,,,,,,
68757,,781.0,,,,,,,,,,,
69082,,5490.0,,,,,,,,,,,
70214,,7058.0,,,,,,,,,,,
71375,,37194.0,,,,,,,,,,,
72029,,13.0,,,,,,,,,,,
72168,,13.0,,,,,,,,,,,
72254,,7783.0,,,,,,,,,,,
73372,,3021.0,,,,,,,,,,,
73566,,781.0,,,,,,,,,,,
73616,,13.0,,,,,,,,,,,
73963,,19631.0,,,,,,,,,,,
74127,,43460.0,,,,,,,,,,,
74750,,27066.0,,,,,,,,,,,
75137,,13.0,,,,,,,,,,,
75544,,13.0,,,,,,,,,,,
75609,,1338.0,,,,,,,,,,,
75940,,12306.0,,,,,,,,,,,
76382,,1729.0,,,,,,,,,,,
76402,,13.0,,,,,,,,,,,
77502,,5490.0,,,,,,,,,,,
1498,,,2559.0,,,,,,,,,,
2206,,,7.0,,,,,,,,,,
2487,,,94.0,,,,,,,,,,
5477,,,47197.0,,,,,,,,,,
7507,,,469.0,,,,,,,,,,
9457,,,94.0,,,,,,,,,,
9757,,,28254.0,,,,,,,,,,
12698,,,94.0,,,,,,,,,,
13150,,,12484.0,,,,,,,,,,
13247,,,94.0,,,,,,,,,,
14332,,,108.0,,,,,,,,,,
14423,,,7.0,,,,,,,,,,
16973,,,8.0,,,,,,,,,,
17812,,,795.0,,,,,,,,,,
19182,,,94.0,,,,,,,,,,
19298,,,4410.0,,,,,,,,,,
23541,,,1147.0,,,,,,,,,,
23623,,,687.0,,,,,,,,,,
26171,,,94.0,,,,,,,,,,
26684,,,68503.0,,,,,,,,,,
29523,,,657.0,,,,,,,,,,
30510,,,21435.0,,,,,,,,,,
31962,,,469.0,,,,,,,,,,
33212,,,94.0,,,,,,,,,,
34330,,,7.0,,,,,,,,,,
34670,,,607.0,,,,,,,,,,
35207,,,332.0,,,,,,,,,,
35549,,,687.0,,,,,,,,,,
36695,,,108.0,,,,,,,,,,
37397,,,7.0,,,,,,,,,,
38807,,,1012.0,,,,,,,,,,
41068,,,12324.0,,,,,,,,,,
41558,,,232.0,,,,,,,,,,
43154,,,8764.0,,,,,,,,,,
44389,,,58261.0,,,,,,,,,,
45893,,,94.0,,,,,,,,,,
46697,,,108.0,,,,,,,,,,
47313,,,94.0,,,,,,,,,,
48189,,,94.0,,,,,,,,,,
48345,,,7.0,,,,,,,,,,
49205,,,687.0,,,,,,,,,,
53232,,,607.0,,,,,,,,,,
53251,,,94.0,,,,,,,,,,
53388,,,374.0,,,,,,,,,,
53852,,,94.0,,,,,,,,,,
54437,,,94.0,,,,,,,,,,
55240,,,7.0,,,,,,,,,,
55402,,,657.0,,,,,,,,,,
55978,,,94.0,,,,,,,,,,
56691,,,94.0,,,,,,,,,,
57064,,,8.0,,,,,,,,,,
58956,,,94.0,,,,,,,,,,
59239,,,5987.0,,,,,,,,,,
60434,,,8.0,,,,,,,,,,
60932,,,469.0,,,,,,,,,,
60933,,,94.0,,,,,,,,,,
61210,,,11867.0,,,,,,,,,,
62384,,,7.0,,,,,,,,,,
62505,,,332.0,,,,,,,,,,
62622,,,2559.0,,,,,,,,,,
63886,,,94.0,,,,,,,,,,
69735,,,687.0,,,,,,,,,,
70462,,,94.0,,,,,,,,,,
71329,,,374.0,,,,,,,,,,
73778,,,108.0,,,,,,,,,,
74397,,,12991.0,,,,,,,,,,
74876,,,332.0,,,,,,,,,,
75245,,,374.0,,,,,,,,,,
75495,,,3978.0,,,,,,,,,,
77675,,,687.0,,,,,,,,,,
2614,,,,9.0,,,,,,,,,
7616,,,,9.0,,,,,,,,,
8281,,,,169.0,,,,,,,,,
14290,,,,9.0,,,,,,,,,
16456,,,,9.0,,,,,,,,,
17667,,,,9.0,,,,,,,,,
18370,,,,7348.0,,,,,,,,,
19082,,,,1147.0,,,,,,,,,
19322,,,,490.0,,,,,,,,,
22669,,,,169.0,,,,,,,,,
24523,,,,2024.0,,,,,,,,,
25892,,,,469.0,,,,,,,,,
27058,,,,41686.0,,,,,,,,,
27870,,,,19675.0,,,,,,,,,
28300,,,,490.0,,,,,,,,,
28359,,,,490.0,,,,,,,,,
31493,,,,9.0,,,,,,,,,
33082,,,,9.0,,,,,,,,,
34773,,,,490.0,,,,,,,,,
35503,,,,643.0,,,,,,,,,
36458,,,,804.0,,,,,,,,,
39422,,,,9.0,,,,,,,,,
40746,,,,643.0,,,,,,,,,
41923,,,,25876.0,,,,,,,,,
46474,,,,490.0,,,,,,,,,
46713,,,,469.0,,,,,,,,,
46714,,,,490.0,,,,,,,,,
46715,,,,169.0,,,,,,,,,
47229,,,,469.0,,,,,,,,,
47952,,,,804.0,,,,,,,,,
48046,,,,2878.0,,,,,,,,,
49596,,,,62834.0,,,,,,,,,
50398,,,,1907.0,,,,,,,,,
51103,,,,9.0,,,,,,,,,
51392,,,,490.0,,,,,,,,,
52143,,,,9.0,,,,,,,,,
52666,,,,804.0,,,,,,,,,
52905,,,,643.0,,,,,,,,,
53097,,,,169.0,,,,,,,,,
53676,,,,469.0,,,,,,,,,
54468,,,,1907.0,,,,,,,,,
56423,,,,9.0,,,,,,,,,
57198,,,,19626.0,,,,,,,,,
58168,,,,490.0,,,,,,,,,
58621,,,,9.0,,,,,,,,,
59618,,,,9.0,,,,,,,,,
59876,,,,804.0,,,,,,,,,
60264,,,,9.0,,,,,,,,,
61066,,,,9.0,,,,,,,,,
66939,,,,1147.0,,,,,,,,,
68850,,,,1907.0,,,,,,,,,
68916,,,,3214.0,,,,,,,,,
69010,,,,169.0,,,,,,,,,
69414,,,,9.0,,,,,,,,,
70166,,,,9.0,,,,,,,,,
71953,,,,9.0,,,,,,,,,
72101,,,,9.0,,,,,,,,,
73091,,,,9.0,,,,,,,,,
73201,,,,9.0,,,,,,,,,
73620,,,,643.0,,,,,,,,,
74797,,,,490.0,,,,,,,,,
76739,,,,490.0,,,,,,,,,
76903,,,,1948.0,,,,,,,,,
77380,,,,1907.0,,,,,,,,,
77462,,,,11364.0,,,,,,,,,
77540,,,,490.0,,,,,,,,,
462,,,,,20537.0,,,,,,,,
1042,,,,,746.0,,,,,,,,
1415,,,,,2055.0,,,,,,,,
1434,,,,,141.0,,,,,,,,
1587,,,,,1974.0,,,,,,,,
1908,,,,,19215.0,,,,,,,,
2224,,,,,11337.0,,,,,,,,
2846,,,,,1624.0,,,,,,,,
2872,,,,,506.0,,,,,,,,
2980,,,,,263.0,,,,,,,,
3722,,,,,99.0,,,,,,,,
4037,,,,,464.0,,,,,,,,
4201,,,,,783.0,,,,,,,,
4538,,,,,1824.0,,,,,,,,
5100,,,,,1624.0,,,,,,,,
5256,,,,,3501.0,,,,,,,,
5844,,,,,464.0,,,,,,,,
6000,,,,,8121.0,,,,,,,,
6028,,,,,1624.0,,,,,,,,
6658,,,,,1334.0,,,,,,,,
6776,,,,,27244.0,,,,,,,,
7275,,,,,1624.0,,,,,,,,
7323,,,,,3260.0,,,,,,,,
7571,,,,,1974.0,,,,,,,,
7930,,,,,1624.0,,,,,,,,
8193,,,,,16891.0,,,,,,,,
8836,,,,,7273.0,,,,,,,,
9247,,,,,746.0,,,,,,,,
9839,,,,,32797.0,,,,,,,,
10007,,,,,746.0,,,,,,,,
11317,,,,,19336.0,,,,,,,,
11462,,,,,1624.0,,,,,,,,
11463,,,,,2055.0,,,,,,,,
12581,,,,,1974.0,,,,,,,,
12642,,,,,464.0,,,,,,,,
12673,,,,,17532.0,,,,,,,,
13272,,,,,1624.0,,,,,,,,
13476,,,,,1624.0,,,,,,,,
13490,,,,,746.0,,,,,,,,
13870,,,,,2055.0,,,,,,,,
14072,,,,,263.0,,,,,,,,
14514,,,,,1624.0,,,,,,,,
14541,,,,,4348.0,,,,,,,,
14823,,,,,1624.0,,,,,,,,
14837,,,,,16891.0,,,,,,,,
15349,,,,,1487.0,,,,,,,,
15980,,,,,3260.0,,,,,,,,
16237,,,,,453.0,,,,,,,,
16409,,,,,3260.0,,,,,,,,
16779,,,,,3260.0,,,,,,,,
16803,,,,,13592.0,,,,,,,,
17141,,,,,3203.0,,,,,,,,
17317,,,,,1974.0,,,,,,,,
17370,,,,,16891.0,,,,,,,,
17727,,,,,453.0,,,,,,,,
18154,,,,,464.0,,,,,,,,
18547,,,,,746.0,,,,,,,,
18668,,,,,27244.0,,,,,,,,
18728,,,,,426.0,,,,,,,,
18856,,,,,263.0,,,,,,,,
18940,,,,,1624.0,,,,,,,,
19197,,,,,1974.0,,,,,,,,
19253,,,,,464.0,,,,,,,,
19609,,,,,746.0,,,,,,,,
19794,,,,,1624.0,,,,,,,,
20688,,,,,35583.0,,,,,,,,
21864,,,,,746.0,,,,,,,,
22595,,,,,3260.0,,,,,,,,
22612,,,,,238.0,,,,,,,,
22832,,,,,37143.0,,,,,,,,
22833,,,,,1595.0,,,,,,,,
23051,,,,,746.0,,,,,,,,
23204,,,,,3260.0,,,,,,,,
23392,,,,,464.0,,,,,,,,
23571,,,,,11337.0,,,,,,,,
24414,,,,,141.0,,,,,,,,
24722,,,,,15985.0,,,,,,,,
24915,,,,,464.0,,,,,,,,
24948,,,,,37143.0,,,,,,,,
25105,,,,,263.0,,,,,,,,
25117,,,,,464.0,,,,,,,,
25771,,,,,1624.0,,,,,,,,
26251,,,,,464.0,,,,,,,,
26549,,,,,464.0,,,,,,,,
26701,,,,,9951.0,,,,,,,,
26860,,,,,7273.0,,,,,,,,
27024,,,,,6868.0,,,,,,,,
27123,,,,,1624.0,,,,,,,,
27218,,,,,464.0,,,,,,,,
27292,,,,,263.0,,,,,,,,
27365,,,,,1974.0,,,,,,,,
27634,,,,,1624.0,,,,,,,,
28173,,,,,1624.0,,,,,,,,
28185,,,,,1624.0,,,,,,,,
28407,,,,,3260.0,,,,,,,,
28457,,,,,746.0,,,,,,,,
28999,,,,,99.0,,,,,,,,
29428,,,,,746.0,,,,,,,,
29900,,,,,746.0,,,,,,,,
29937,,,,,4598.0,,,,,,,,
29945,,,,,1750.0,,,,,,,,
31571,,,,,35583.0,,,,,,,,
31975,,,,,35583.0,,,,,,,,
32127,,,,,3260.0,,,,,,,,
32275,,,,,1624.0,,,,,,,,
32832,,,,,11337.0,,,,,,,,
32906,,,,,34750.0,,,,,,,,
32953,,,,,27244.0,,,,,,,,
33093,,,,,3260.0,,,,,,,,
33810,,,,,746.0,,,,,,,,
33878,,,,,12720.0,,,,,,,,
33883,,,,,26303.0,,,,,,,,
33894,,,,,37143.0,,,,,,,,
34078,,,,,27244.0,,,,,,,,
34517,,,,,32797.0,,,,,,,,
34551,,,,,1624.0,,,,,,,,
34580,,,,,464.0,,,,,,,,
34865,,,,,20370.0,,,,,,,,
35383,,,,,1624.0,,,,,,,,
35786,,,,,1624.0,,,,,,,,
35849,,,,,464.0,,,,,,,,
35992,,,,,1624.0,,,,,,,,
36063,,,,,14211.0,,,,,,,,
36286,,,,,464.0,,,,,,,,
36614,,,,,19177.0,,,,,,,,
36678,,,,,3260.0,,,,,,,,
36696,,,,,50.0,,,,,,,,
36767,,,,,464.0,,,,,,,,
36797,,,,,1355.0,,,,,,,,
36878,,,,,35583.0,,,,,,,,
36902,,,,,6868.0,,,,,,,,
36993,,,,,50.0,,,,,,,,
37266,,,,,464.0,,,,,,,,
37573,,,,,746.0,,,,,,,,
37668,,,,,1624.0,,,,,,,,
37767,,,,,1974.0,,,,,,,,
38471,,,,,99.0,,,,,,,,
38573,,,,,1624.0,,,,,,,,
39115,,,,,464.0,,,,,,,,
39641,,,,,1974.0,,,,,,,,
39649,,,,,746.0,,,,,,,,
39655,,,,,1624.0,,,,,,,,
39678,,,,,464.0,,,,,,,,
40150,,,,,746.0,,,,,,,,
40241,,,,,464.0,,,,,,,,
40358,,,,,4598.0,,,,,,,,
40364,,,,,746.0,,,,,,,,
40427,,,,,1624.0,,,,,,,,
40442,,,,,20449.0,,,,,,,,
40531,,,,,50.0,,,,,,,,
40923,,,,,11337.0,,,,,,,,
40933,,,,,1624.0,,,,,,,,
41180,,,,,1624.0,,,,,,,,
41262,,,,,73238.0,,,,,,,,
41646,,,,,4598.0,,,,,,,,
41833,,,,,14570.0,,,,,,,,
41895,,,,,50.0,,,,,,,,
42118,,,,,464.0,,,,,,,,
42745,,,,,4598.0,,,,,,,,
42821,,,,,1624.0,,,,,,,,
43479,,,,,17889.0,,,,,,,,
44091,,,,,1750.0,,,,,,,,
44183,,,,,1624.0,,,,,,,,
45003,,,,,2055.0,,,,,,,,
45071,,,,,4598.0,,,,,,,,
46242,,,,,464.0,,,,,,,,
46289,,,,,464.0,,,,,,,,
46355,,,,,464.0,,,,,,,,
46412,,,,,238.0,,,,,,,,
46547,,,,,19455.0,,,,,,,,
46735,,,,,50.0,,,,,,,,
47422,,,,,746.0,,,,,,,,
47545,,,,,99.0,,,,,,,,
48211,,,,,60248.0,,,,,,,,
48282,,,,,746.0,,,,,,,,
48292,,,,,32797.0,,,,,,,,
48470,,,,,11337.0,,,,,,,,
48574,,,,,141.0,,,,,,,,
48672,,,,,1334.0,,,,,,,,
49063,,,,,1974.0,,,,,,,,
49441,,,,,50.0,,,,,,,,
49457,,,,,4348.0,,,,,,,,
49564,,,,,74519.0,,,,,,,,
49719,,,,,1487.0,,,,,,,,
49951,,,,,1624.0,,,,,,,,
50653,,,,,464.0,,,,,,,,
51257,,,,,746.0,,,,,,,,
51348,,,,,1624.0,,,,,,,,
51370,,,,,1624.0,,,,,,,,
51733,,,,,141.0,,,,,,,,
52180,,,,,4598.0,,,,,,,,
52430,,,,,783.0,,,,,,,,
52667,,,,,746.0,,,,,,,,
52890,,,,,2055.0,,,,,,,,
53107,,,,,3213.0,,,,,,,,
53203,,,,,16891.0,,,,,,,,
53542,,,,,1624.0,,,,,,,,
53666,,,,,464.0,,,,,,,,
54073,,,,,3260.0,,,,,,,,
54947,,,,,1624.0,,,,,,,,
55077,,,,,1624.0,,,,,,,,
55283,,,,,1624.0,,,,,,,,
56504,,,,,1624.0,,,,,,,,
56556,,,,,1355.0,,,,,,,,
56770,,,,,2055.0,,,,,,,,
57178,,,,,1624.0,,,,,,,,
57306,,,,,4348.0,,,,,,,,
57462,,,,,746.0,,,,,,,,
58135,,,,,464.0,,,,,,,,
58625,,,,,2537.0,,,,,,,,
59184,,,,,1624.0,,,,,,,,
59215,,,,,129.0,,,,,,,,
59285,,,,,50.0,,,,,,,,
59483,,,,,3501.0,,,,,,,,
59671,,,,,746.0,,,,,,,,
60173,,,,,20537.0,,,,,,,,
60455,,,,,263.0,,,,,,,,
60586,,,,,141.0,,,,,,,,
60832,,,,,4348.0,,,,,,,,
61684,,,,,3260.0,,,,,,,,
61715,,,,,746.0,,,,,,,,
62031,,,,,50.0,,,,,,,,
62092,,,,,464.0,,,,,,,,
62116,,,,,50.0,,,,,,,,
62135,,,,,1624.0,,,,,,,,
62196,,,,,464.0,,,,,,,,
62468,,,,,21435.0,,,,,,,,
62527,,,,,2055.0,,,,,,,,
63084,,,,,12720.0,,,,,,,,
64126,,,,,5796.0,,,,,,,,
64446,,,,,746.0,,,,,,,,
64795,,,,,464.0,,,,,,,,
64964,,,,,50.0,,,,,,,,
65383,,,,,263.0,,,,,,,,
65711,,,,,1624.0,,,,,,,,
65823,,,,,27244.0,,,,,,,,
65927,,,,,2055.0,,,,,,,,
65964,,,,,3501.0,,,,,,,,
66079,,,,,1624.0,,,,,,,,
66807,,,,,1398.0,,,,,,,,
67231,,,,,2164.0,,,,,,,,
67238,,,,,464.0,,,,,,,,
67401,,,,,1624.0,,,,,,,,
67579,,,,,3260.0,,,,,,,,
67705,,,,,464.0,,,,,,,,
68246,,,,,1355.0,,,,,,,,
68608,,,,,9951.0,,,,,,,,
68766,,,,,50.0,,,,,,,,
68940,,,,,8939.0,,,,,,,,
69183,,,,,16891.0,,,,,,,,
69267,,,,,99.0,,,,,,,,
69312,,,,,426.0,,,,,,,,
69475,,,,,16891.0,,,,,,,,
69572,,,,,50.0,,,,,,,,
69602,,,,,21435.0,,,,,,,,
70073,,,,,3260.0,,,,,,,,
70581,,,,,13592.0,,,,,,,,
70794,,,,,3260.0,,,,,,,,
70823,,,,,32797.0,,,,,,,,
70893,,,,,1974.0,,,,,,,,
71204,,,,,9951.0,,,,,,,,
71342,,,,,62088.0,,,,,,,,
71433,,,,,141.0,,,,,,,,
71448,,,,,3260.0,,,,,,,,
71549,,,,,8121.0,,,,,,,,
71780,,,,,3414.0,,,,,,,,
71966,,,,,464.0,,,,,,,,
72165,,,,,11116.0,,,,,,,,
73466,,,,,2055.0,,,,,,,,
73584,,,,,464.0,,,,,,,,
74454,,,,,4348.0,,,,,,,,
74484,,,,,30227.0,,,,,,,,
74679,,,,,1624.0,,,,,,,,
74693,,,,,3260.0,,,,,,,,
74947,,,,,746.0,,,,,,,,
75286,,,,,453.0,,,,,,,,
75502,,,,,28127.0,,,,,,,,
75764,,,,,1624.0,,,,,,,,
75870,,,,,4598.0,,,,,,,,
76142,,,,,746.0,,,,,,,,
76492,,,,,11337.0,,,,,,,,
76503,,,,,50.0,,,,,,,,
76629,,,,,464.0,,,,,,,,
76867,,,,,1974.0,,,,,,,,
76994,,,,,1974.0,,,,,,,,
77745,,,,,12796.0,,,,,,,,
77943,,,,,4598.0,,,,,,,,
287,,,,,,22.0,,,,,,,
290,,,,,,516.0,,,,,,,
703,,,,,,512.0,,,,,,,
762,,,,,,889.0,,,,,,,
1683,,,,,,5166.0,,,,,,,
1890,,,,,,22.0,,,,,,,
2060,,,,,,440.0,,,,,,,
2140,,,,,,22.0,,,,,,,
2711,,,,,,9762.0,,,,,,,
2877,,,,,,440.0,,,,,,,
3350,,,,,,22.0,,,,,,,
3745,,,,,,1815.0,,,,,,,
3894,,,,,,512.0,,,,,,,
4655,,,,,,22.0,,,,,,,
5626,,,,,,18662.0,,,,,,,
5909,,,,,,34284.0,,,,,,,
6304,,,,,,634.0,,,,,,,
6342,,,,,,440.0,,,,,,,
7431,,,,,,8172.0,,,,,,,
8133,,,,,,3423.0,,,,,,,
8311,,,,,,32035.0,,,,,,,
8574,,,,,,440.0,,,,,,,
9091,,,,,,16785.0,,,,,,,
9390,,,,,,2824.0,,,,,,,
9639,,,,,,1815.0,,,,,,,
10192,,,,,,1815.0,,,,,,,
10499,,,,,,11270.0,,,,,,,
10500,,,,,,6059.0,,,,,,,
10944,,,,,,22.0,,,,,,,
11062,,,,,,3214.0,,,,,,,
11310,,,,,,22.0,,,,,,,
11830,,,,,,8172.0,,,,,,,
11890,,,,,,817.0,,,,,,,
13095,,,,,,2581.0,,,,,,,
13186,,,,,,516.0,,,,,,,
13513,,,,,,1221.0,,,,,,,
14240,,,,,,30414.0,,,,,,,
14690,,,,,,53668.0,,,,,,,
14819,,,,,,759.0,,,,,,,
15078,,,,,,440.0,,,,,,,
15743,,,,,,440.0,,,,,,,
16143,,,,,,4058.0,,,,,,,
17030,,,,,,197.0,,,,,,,
17111,,,,,,22.0,,,,,,,
17618,,,,,,22.0,,,,,,,
17641,,,,,,817.0,,,,,,,
17701,,,,,,46933.0,,,,,,,
17797,,,,,,440.0,,,,,,,
18086,,,,,,22.0,,,,,,,
18109,,,,,,350.0,,,,,,,
18641,,,,,,440.0,,,,,,,
19635,,,,,,22.0,,,,,,,
19942,,,,,,6677.0,,,,,,,
20372,,,,,,3677.0,,,,,,,
20935,,,,,,22.0,,,,,,,
21144,,,,,,731.0,,,,,,,
21296,,,,,,512.0,,,,,,,
21472,,,,,,46896.0,,,,,,,
21781,,,,,,25939.0,,,,,,,
21944,,,,,,440.0,,,,,,,
22076,,,,,,8774.0,,,,,,,
22258,,,,,,4995.0,,,,,,,
22288,,,,,,1815.0,,,,,,,
22648,,,,,,731.0,,,,,,,
22817,,,,,,22.0,,,,,,,
23948,,,,,,22.0,,,,,,,
24011,,,,,,512.0,,,,,,,
24044,,,,,,22.0,,,,,,,
24243,,,,,,5530.0,,,,,,,
24618,,,,,,440.0,,,,,,,
24940,,,,,,1052.0,,,,,,,
25547,,,,,,1815.0,,,,,,,
26139,,,,,,731.0,,,,,,,
26148,,,,,,22.0,,,,,,,
26775,,,,,,1815.0,,,,,,,
27051,,,,,,440.0,,,,,,,
27562,,,,,,21031.0,,,,,,,
28054,,,,,,74091.0,,,,,,,
28339,,,,,,440.0,,,,,,,
28456,,,,,,22.0,,,,,,,
28971,,,,,,440.0,,,,,,,
29145,,,,,,22.0,,,,,,,
29641,,,,,,20786.0,,,,,,,
30168,,,,,,22.0,,,,,,,
30334,,,,,,634.0,,,,,,,
30413,,,,,,29427.0,,,,,,,
30441,,,,,,350.0,,,,,,,
30666,,,,,,43501.0,,,,,,,
31075,,,,,,50306.0,,,,,,,
31163,,,,,,1815.0,,,,,,,
31166,,,,,,38086.0,,,,,,,
31570,,,,,,634.0,,,,,,,
31577,,,,,,1815.0,,,,,,,
31934,,,,,,1815.0,,,,,,,
32510,,,,,,440.0,,,,,,,
32958,,,,,,4975.0,,,,,,,
32970,,,,,,21031.0,,,,,,,
34197,,,,,,1815.0,,,,,,,
34771,,,,,,22.0,,,,,,,
35048,,,,,,22.0,,,,,,,
35204,,,,,,46990.0,,,,,,,
35900,,,,,,1221.0,,,,,,,
36117,,,,,,22.0,,,,,,,
36646,,,,,,22.0,,,,,,,
36916,,,,,,6389.0,,,,,,,
37278,,,,,,440.0,,,,,,,
37297,,,,,,1815.0,,,,,,,
38422,,,,,,22.0,,,,,,,
38644,,,,,,516.0,,,,,,,
38712,,,,,,127.0,,,,,,,
38993,,,,,,731.0,,,,,,,
39768,,,,,,1815.0,,,,,,,
40206,,,,,,22.0,,,,,,,
40478,,,,,,4058.0,,,,,,,
40614,,,,,,440.0,,,,,,,
40730,,,,,,22.0,,,,,,,
40979,,,,,,6059.0,,,,,,,
41234,,,,,,731.0,,,,,,,
41353,,,,,,2043.0,,,,,,,
41494,,,,,,440.0,,,,,,,
41658,,,,,,1052.0,,,,,,,
41762,,,,,,18368.0,,,,,,,
41963,,,,,,1815.0,,,,,,,
42289,,,,,,41499.0,,,,,,,
42415,,,,,,1815.0,,,,,,,
42815,,,,,,28280.0,,,,,,,
43312,,,,,,2581.0,,,,,,,
43445,,,,,,1815.0,,,,,,,
43660,,,,,,22.0,,,,,,,
43765,,,,,,331.0,,,,,,,
44216,,,,,,1815.0,,,,,,,
44243,,,,,,22.0,,,,,,,
44624,,,,,,22.0,,,,,,,
44820,,,,,,440.0,,,,,,,
45170,,,,,,14022.0,,,,,,,
45173,,,,,,817.0,,,,,,,
45208,,,,,,1221.0,,,,,,,
45382,,,,,,817.0,,,,,,,
45997,,,,,,22.0,,,,,,,
46278,,,,,,440.0,,,,,,,
46816,,,,,,22.0,,,,,,,
47143,,,,,,34284.0,,,,,,,
47590,,,,,,14630.0,,,,,,,
48187,,,,,,431.0,,,,,,,
48351,,,,,,14630.0,,,,,,,
48839,,,,,,22.0,,,,,,,
48960,,,,,,431.0,,,,,,,
49458,,,,,,22.0,,,,,,,
49759,,,,,,1221.0,,,,,,,
49903,,,,,,3714.0,,,,,,,
49998,,,,,,22.0,,,,,,,
50043,,,,,,23222.0,,,,,,,
51105,,,,,,5569.0,,,,,,,
52012,,,,,,5166.0,,,,,,,
52326,,,,,,5275.0,,,,,,,
52521,,,,,,331.0,,,,,,,
52609,,,,,,3081.0,,,,,,,
52775,,,,,,440.0,,,,,,,
52967,,,,,,2043.0,,,,,,,
53479,,,,,,22.0,,,,,,,
53563,,,,,,889.0,,,,,,,
53868,,,,,,22.0,,,,,,,
54289,,,,,,50634.0,,,,,,,
54462,,,,,,22.0,,,,,,,
54959,,,,,,22.0,,,,,,,
54995,,,,,,22.0,,,,,,,
55667,,,,,,24958.0,,,,,,,
56331,,,,,,4058.0,,,,,,,
56378,,,,,,7271.0,,,,,,,
56671,,,,,,817.0,,,,,,,
56835,,,,,,10040.0,,,,,,,
57210,,,,,,634.0,,,,,,,
57930,,,,,,22.0,,,,,,,
58735,,,,,,3677.0,,,,,,,
58743,,,,,,440.0,,,,,,,
58915,,,,,,22.0,,,,,,,
59242,,,,,,5569.0,,,,,,,
59523,,,,,,18662.0,,,,,,,
59989,,,,,,36811.0,,,,,,,
60727,,,,,,350.0,,,,,,,
60887,,,,,,440.0,,,,,,,
61102,,,,,,440.0,,,,,,,
61875,,,,,,34284.0,,,,,,,
62231,,,,,,440.0,,,,,,,
62572,,,,,,1815.0,,,,,,,
62828,,,,,,440.0,,,,,,,
63438,,,,,,22.0,,,,,,,
63485,,,,,,22.0,,,,,,,
63739,,,,,,22.0,,,,,,,
63767,,,,,,1815.0,,,,,,,
63913,,,,,,440.0,,,,,,,
64395,,,,,,2581.0,,,,,,,
64432,,,,,,440.0,,,,,,,
64901,,,,,,440.0,,,,,,,
65010,,,,,,440.0,,,,,,,
65279,,,,,,1815.0,,,,,,,
65372,,,,,,22.0,,,,,,,
66609,,,,,,3604.0,,,,,,,
67061,,,,,,22.0,,,,,,,
67222,,,,,,22.0,,,,,,,
67745,,,,,,6661.0,,,,,,,
67877,,,,,,1221.0,,,,,,,
68196,,,,,,22.0,,,,,,,
68312,,,,,,22.0,,,,,,,
68932,,,,,,22.0,,,,,,,
69498,,,,,,440.0,,,,,,,
69612,,,,,,440.0,,,,,,,
69668,,,,,,3081.0,,,,,,,
69738,,,,,,4693.0,,,,,,,
69763,,,,,,1815.0,,,,,,,
70146,,,,,,8172.0,,,,,,,
70859,,,,,,7271.0,,,,,,,
71399,,,,,,440.0,,,,,,,
71884,,,,,,22.0,,,,,,,
74046,,,,,,5198.0,,,,,,,
74074,,,,,,22.0,,,,,,,
74514,,,,,,13110.0,,,,,,,
74811,,,,,,23224.0,,,,,,,
75256,,,,,,10040.0,,,,,,,
75459,,,,,,440.0,,,,,,,
75629,,,,,,22.0,,,,,,,
75740,,,,,,57597.0,,,,,,,
75905,,,,,,889.0,,,,,,,
76182,,,,,,33840.0,,,,,,,
76291,,,,,,1221.0,,,,,,,
76343,,,,,,74091.0,,,,,,,
77187,,,,,,18798.0,,,,,,,
77254,,,,,,440.0,,,,,,,
77524,,,,,,22.0,,,,,,,
77611,,,,,,4827.0,,,,,,,
77875,,,,,,440.0,,,,,,,
78044,,,,,,440.0,,,,,,,
105,,,,,,,855.0,,,,,,
412,,,,,,,244.0,,,,,,
510,,,,,,,943.0,,,,,,
514,,,,,,,140.0,,,,,,
559,,,,,,,76319.0,,,,,,
631,,,,,,,941.0,,,,,,
847,,,,,,,140.0,,,,,,
885,,,,,,,3655.0,,,,,,
952,,,,,,,140.0,,,,,,
1069,,,,,,,220.0,,,,,,
1192,,,,,,,48.0,,,,,,
1300,,,,,,,1848.0,,,,,,
1379,,,,,,,45832.0,,,,,,
1568,,,,,,,140.0,,,,,,
1599,,,,,,,2947.0,,,,,,
1663,,,,,,,1388.0,,,,,,
1718,,,,,,,961.0,,,,,,
1761,,,,,,,529.0,,,,,,
1933,,,,,,,76283.0,,,,,,
1957,,,,,,,1886.0,,,,,,
1988,,,,,,,1848.0,,,,,,
2021,,,,,,,220.0,,,,,,
2074,,,,,,,48.0,,,,,,
2176,,,,,,,7750.0,,,,,,
2192,,,,,,,140.0,,,,,,
2483,,,,,,,13874.0,,,,,,
2638,,,,,,,5666.0,,,,,,
2709,,,,,,,31921.0,,,,,,
2861,,,,,,,1848.0,,,,,,
3145,,,,,,,855.0,,,,,,
3187,,,,,,,17728.0,,,,,,
3383,,,,,,,1639.0,,,,,,
3386,,,,,,,10317.0,,,,,,
3429,,,,,,,9156.0,,,,,,
3653,,,,,,,13302.0,,,,,,
4032,,,,,,,817.0,,,,,,
4170,,,,,,,1388.0,,,,,,
4318,,,,,,,8811.0,,,,,,
4444,,,,,,,7631.0,,,,,,
4639,,,,,,,5829.0,,,,,,
4702,,,,,,,140.0,,,,,,
4739,,,,,,,244.0,,,,,,
4747,,,,,,,788.0,,,,,,
4792,,,,,,,48.0,,,,,,
4880,,,,,,,20833.0,,,,,,
4985,,,,,,,7740.0,,,,,,
5034,,,,,,,140.0,,,,,,
5047,,,,,,,48.0,,,,,,
5052,,,,,,,244.0,,,,,,
5127,,,,,,,140.0,,,,,,
5194,,,,,,,943.0,,,,,,
5268,,,,,,,1315.0,,,,,,
5296,,,,,,,1315.0,,,,,,
5390,,,,,,,3099.0,,,,,,
5428,,,,,,,31516.0,,,,,,
5448,,,,,,,48.0,,,,,,
5462,,,,,,,48.0,,,,,,
5523,,,,,,,48.0,,,,,,
5594,,,,,,,24432.0,,,,,,
5674,,,,,,,1827.0,,,,,,
5684,,,,,,,1388.0,,,,,,
5732,,,,,,,48.0,,,,,,
5755,,,,,,,259.0,,,,,,
5867,,,,,,,140.0,,,,,,
5983,,,,,,,4817.0,,,,,,
6064,,,,,,,943.0,,,,,,
6169,,,,,,,48.0,,,,,,
6191,,,,,,,48.0,,,,,,
6270,,,,,,,33627.0,,,,,,
6328,,,,,,,3655.0,,,,,,
6369,,,,,,,13479.0,,,,,,
6482,,,,,,,816.0,,,,,,
6515,,,,,,,3374.0,,,,,,
6518,,,,,,,961.0,,,,,,
6522,,,,,,,1946.0,,,,,,
6544,,,,,,,48.0,,,,,,
6614,,,,,,,20833.0,,,,,,
6615,,,,,,,1193.0,,,,,,
6729,,,,,,,16939.0,,,,,,
6733,,,,,,,220.0,,,,,,
6734,,,,,,,2947.0,,,,,,
6848,,,,,,,140.0,,,,,,
6857,,,,,,,220.0,,,,,,
6924,,,,,,,48.0,,,,,,
6966,,,,,,,140.0,,,,,,
6972,,,,,,,7124.0,,,,,,
7065,,,,,,,140.0,,,,,,
7090,,,,,,,34923.0,,,,,,
7120,,,,,,,30104.0,,,,,,
7149,,,,,,,529.0,,,,,,
7285,,,,,,,48.0,,,,,,
7296,,,,,,,1193.0,,,,,,
7301,,,,,,,48.0,,,,,,
7567,,,,,,,4796.0,,,,,,
7725,,,,,,,220.0,,,,,,
7874,,,,,,,22544.0,,,,,,
7884,,,,,,,17392.0,,,,,,
7936,,,,,,,1193.0,,,,,,
8106,,,,,,,48.0,,,,,,
8321,,,,,,,50677.0,,,,,,
8400,,,,,,,43690.0,,,,,,
8650,,,,,,,140.0,,,,,,
8834,,,,,,,15246.0,,,,,,
8889,,,,,,,220.0,,,,,,
8892,,,,,,,43690.0,,,,,,
8955,,,,,,,140.0,,,,,,
9200,,,,,,,220.0,,,,,,
9234,,,,,,,140.0,,,,,,
9295,,,,,,,140.0,,,,,,
9423,,,,,,,961.0,,,,,,
9483,,,,,,,220.0,,,,,,
9487,,,,,,,220.0,,,,,,
9552,,,,,,,48.0,,,,,,
9652,,,,,,,140.0,,,,,,
9875,,,,,,,76283.0,,,,,,
9909,,,,,,,140.0,,,,,,
9938,,,,,,,1848.0,,,,,,
9972,,,,,,,20833.0,,,,,,
10020,,,,,,,10317.0,,,,,,
10124,,,,,,,1946.0,,,,,,
10226,,,,,,,244.0,,,,,,
10251,,,,,,,23365.0,,,,,,
10312,,,,,,,259.0,,,,,,
10488,,,,,,,48.0,,,,,,
10489,,,,,,,220.0,,,,,,
10496,,,,,,,244.0,,,,,,
10561,,,,,,,1388.0,,,,,,
10577,,,,,,,855.0,,,,,,
10626,,,,,,,3668.0,,,,,,
10734,,,,,,,1657.0,,,,,,
10789,,,,,,,194.0,,,,,,
11004,,,,,,,5700.0,,,,,,
11008,,,,,,,220.0,,,,,,
11032,,,,,,,943.0,,,,,,
11183,,,,,,,1193.0,,,,,,
11208,,,,,,,1886.0,,,,,,
11296,,,,,,,943.0,,,,,,
11327,,,,,,,140.0,,,,,,
11427,,,,,,,77049.0,,,,,,
11452,,,,,,,66234.0,,,,,,
11521,,,,,,,140.0,,,,,,
11596,,,,,,,1388.0,,,,,,
11600,,,,,,,1946.0,,,,,,
11752,,,,,,,2044.0,,,,,,
11790,,,,,,,48.0,,,,,,
12075,,,,,,,140.0,,,,,,
12208,,,,,,,48.0,,,,,,
12245,,,,,,,9704.0,,,,,,
12258,,,,,,,48.0,,,,,,
12361,,,,,,,37492.0,,,,,,
12416,,,,,,,943.0,,,,,,
12647,,,,,,,220.0,,,,,,
12768,,,,,,,48.0,,,,,,
12802,,,,,,,15307.0,,,,,,
12807,,,,,,,23492.0,,,,,,
12850,,,,,,,4289.0,,,,,,
12890,,,,,,,1388.0,,,,,,
12895,,,,,,,14051.0,,,,,,
12914,,,,,,,140.0,,,,,,
13043,,,,,,,12251.0,,,,,,
13174,,,,,,,1388.0,,,,,,
13185,,,,,,,48.0,,,,,,
13380,,,,,,,48.0,,,,,,
13500,,,,,,,1848.0,,,,,,
13527,,,,,,,220.0,,,,,,
13698,,,,,,,951.0,,,,,,
13726,,,,,,,1657.0,,,,,,
13739,,,,,,,48.0,,,,,,
13909,,,,,,,140.0,,,,,,
13966,,,,,,,3099.0,,,,,,
14214,,,,,,,816.0,,,,,,
14491,,,,,,,127.0,,,,,,
14534,,,,,,,140.0,,,,,,
14595,,,,,,,48.0,,,,,,
14619,,,,,,,140.0,,,,,,
14861,,,,,,,9769.0,,,,,,
14934,,,,,,,3099.0,,,,,,
14941,,,,,,,140.0,,,,,,
15123,,,,,,,140.0,,,,,,
15173,,,,,,,2770.0,,,,,,
15198,,,,,,,941.0,,,,,,
15199,,,,,,,48.0,,,,,,
15248,,,,,,,2044.0,,,,,,
15385,,,,,,,205.0,,,,,,
15406,,,,,,,3099.0,,,,,,
15425,,,,,,,259.0,,,,,,
15426,,,,,,,1388.0,,,,,,
15723,,,,,,,1848.0,,,,,,
15818,,,,,,,817.0,,,,,,
15885,,,,,,,655.0,,,,,,
15947,,,,,,,48.0,,,,,,
15982,,,,,,,547.0,,,,,,
15987,,,,,,,1367.0,,,,,,
15999,,,,,,,140.0,,,,,,
16031,,,,,,,21130.0,,,,,,
16156,,,,,,,220.0,,,,,,
16220,,,,,,,3655.0,,,,,,
16280,,,,,,,140.0,,,,,,
16502,,,,,,,3762.0,,,,,,
16668,,,,,,,943.0,,,,,,
16707,,,,,,,48.0,,,,,,
16791,,,,,,,48.0,,,,,,
16920,,,,,,,2947.0,,,,,,
16943,,,,,,,48.0,,,,,,
17093,,,,,,,11124.0,,,,,,
17191,,,,,,,48.0,,,,,,
17197,,,,,,,140.0,,,,,,
17320,,,,,,,1848.0,,,,,,
17469,,,,,,,76283.0,,,,,,
17482,,,,,,,31516.0,,,,,,
17522,,,,,,,1388.0,,,,,,
17568,,,,,,,48.0,,,,,,
17917,,,,,,,2947.0,,,,,,
17963,,,,,,,66232.0,,,,,,
18050,,,,,,,48.0,,,,,,
18161,,,,,,,817.0,,,,,,
18163,,,,,,,59.0,,,,,,
18216,,,,,,,855.0,,,,,,
18251,,,,,,,10860.0,,,,,,
18415,,,,,,,3668.0,,,,,,
18499,,,,,,,76283.0,,,,,,
18531,,,,,,,1848.0,,,,,,
18610,,,,,,,48.0,,,,,,
18810,,,,,,,22544.0,,,,,,
18897,,,,,,,48.0,,,,,,
18929,,,,,,,21130.0,,,,,,
18953,,,,,,,49918.0,,,,,,
18976,,,,,,,34923.0,,,,,,
19143,,,,,,,529.0,,,,,,
19237,,,,,,,8811.0,,,,,,
19318,,,,,,,28239.0,,,,,,
19352,,,,,,,48.0,,,,,,
19425,,,,,,,2947.0,,,,,,
19611,,,,,,,76283.0,,,,,,
19703,,,,,,,140.0,,,,,,
19716,,,,,,,220.0,,,,,,
19772,,,,,,,2947.0,,,,,,
19829,,,,,,,48.0,,,,,,
19877,,,,,,,1848.0,,,,,,
19878,,,,,,,2947.0,,,,,,
19890,,,,,,,48.0,,,,,,
20084,,,,,,,205.0,,,,,,
20397,,,,,,,1848.0,,,,,,
20672,,,,,,,1886.0,,,,,,
20760,,,,,,,3099.0,,,,,,
20785,,,,,,,547.0,,,,,,
20863,,,,,,,48.0,,,,,,
20889,,,,,,,140.0,,,,,,
20891,,,,,,,855.0,,,,,,
20998,,,,,,,220.0,,,,,,
21049,,,,,,,1934.0,,,,,,
21075,,,,,,,259.0,,,,,,
21155,,,,,,,140.0,,,,,,
21284,,,,,,,48.0,,,,,,
21322,,,,,,,943.0,,,,,,
21408,,,,,,,48.0,,,,,,
21442,,,,,,,220.0,,,,,,
21485,,,,,,,220.0,,,,,,
21560,,,,,,,1886.0,,,,,,
21613,,,,,,,259.0,,,,,,
21780,,,,,,,48.0,,,,,,
21786,,,,,,,48.0,,,,,,
21821,,,,,,,1193.0,,,,,,
21843,,,,,,,244.0,,,,,,
21847,,,,,,,1366.0,,,,,,
21919,,,,,,,855.0,,,,,,
21939,,,,,,,143.0,,,,,,
22068,,,,,,,259.0,,,,,,
22215,,,,,,,1193.0,,,,,,
22419,,,,,,,4289.0,,,,,,
22482,,,,,,,259.0,,,,,,
22542,,,,,,,18708.0,,,,,,
22693,,,,,,,1315.0,,,,,,
23066,,,,,,,5666.0,,,,,,
23075,,,,,,,1388.0,,,,,,
23143,,,,,,,20833.0,,,,,,
23304,,,,,,,140.0,,,,,,
23338,,,,,,,21637.0,,,,,,
23353,,,,,,,1388.0,,,,,,
23355,,,,,,,5388.0,,,,,,
23606,,,,,,,16939.0,,,,,,
23665,,,,,,,5700.0,,,,,,
23726,,,,,,,220.0,,,,,,
23746,,,,,,,34923.0,,,,,,
23912,,,,,,,352.0,,,,,,
23976,,,,,,,2947.0,,,,,,
23990,,,,,,,140.0,,,,,,
24100,,,,,,,140.0,,,,,,
24242,,,,,,,1848.0,,,,,,
24283,,,,,,,140.0,,,,,,
24406,,,,,,,31921.0,,,,,,
24422,,,,,,,29956.0,,,,,,
24496,,,,,,,48.0,,,,,,
24545,,,,,,,1946.0,,,,,,
24565,,,,,,,15246.0,,,,,,
24622,,,,,,,18858.0,,,,,,
24718,,,,,,,855.0,,,,,,
25066,,,,,,,961.0,,,,,,
25124,,,,,,,48704.0,,,,,,
25582,,,,,,,95.0,,,,,,
25823,,,,,,,4684.0,,,,,,
25911,,,,,,,140.0,,,,,,
25912,,,,,,,10317.0,,,,,,
25937,,,,,,,48.0,,,,,,
25966,,,,,,,1388.0,,,,,,
25973,,,,,,,20833.0,,,,,,
26191,,,,,,,943.0,,,,,,
26201,,,,,,,943.0,,,,,,
26219,,,,,,,48.0,,,,,,
26302,,,,,,,2947.0,,,,,,
26339,,,,,,,1388.0,,,,,,
26462,,,,,,,7750.0,,,,,,
26510,,,,,,,48.0,,,,,,
26573,,,,,,,1848.0,,,,,,
26662,,,,,,,943.0,,,,,,
26717,,,,,,,127.0,,,,,,
26790,,,,,,,20833.0,,,,,,
26986,,,,,,,2770.0,,,,,,
26994,,,,,,,529.0,,,,,,
27079,,,,,,,817.0,,,,,,
27099,,,,,,,1346.0,,,,,,
27220,,,,,,,140.0,,,,,,
27355,,,,,,,1388.0,,,,,,
27398,,,,,,,48.0,,,,,,
27493,,,,,,,48.0,,,,,,
27497,,,,,,,1388.0,,,,,,
27850,,,,,,,140.0,,,,,,
27945,,,,,,,1388.0,,,,,,
27995,,,,,,,140.0,,,,,,
28229,,,,,,,1827.0,,,,,,
28325,,,,,,,48.0,,,,,,
28331,,,,,,,1388.0,,,,,,
28544,,,,,,,1878.0,,,,,,
28802,,,,,,,140.0,,,,,,
28902,,,,,,,48.0,,,,,,
28909,,,,,,,13376.0,,,,,,
29084,,,,,,,140.0,,,,,,
29118,,,,,,,1886.0,,,,,,
29119,,,,,,,48.0,,,,,,
29632,,,,,,,259.0,,,,,,
29716,,,,,,,95.0,,,,,,
29749,,,,,,,48.0,,,,,,
29792,,,,,,,817.0,,,,,,
29850,,,,,,,18261.0,,,,,,
30019,,,,,,,529.0,,,,,,
30152,,,,,,,48.0,,,,,,
30812,,,,,,,5086.0,,,,,,
30861,,,,,,,48.0,,,,,,
30894,,,,,,,960.0,,,,,,
30958,,,,,,,4091.0,,,,,,
31100,,,,,,,140.0,,,,,,
31146,,,,,,,71880.0,,,,,,
31222,,,,,,,16939.0,,,,,,
31283,,,,,,,48.0,,,,,,
31288,,,,,,,140.0,,,,,,
31355,,,,,,,5829.0,,,,,,
31400,,,,,,,140.0,,,,,,
31532,,,,,,,140.0,,,,,,
31612,,,,,,,9156.0,,,,,,
31768,,,,,,,2947.0,,,,,,
31909,,,,,,,48.0,,,,,,
32063,,,,,,,48.0,,,,,,
32098,,,,,,,244.0,,,,,,
32103,,,,,,,48.0,,,,,,
32180,,,,,,,259.0,,,,,,
32236,,,,,,,25903.0,,,,,,
32243,,,,,,,220.0,,,,,,
32253,,,,,,,140.0,,,,,,
32303,,,,,,,244.0,,,,,,
32306,,,,,,,140.0,,,,,,
32419,,,,,,,2947.0,,,,,,
32429,,,,,,,1885.0,,,,,,
32447,,,,,,,1946.0,,,,,,
32535,,,,,,,4017.0,,,,,,
32939,,,,,,,220.0,,,,,,
33050,,,,,,,1934.0,,,,,,
33074,,,,,,,1848.0,,,,,,
33167,,,,,,,143.0,,,,,,
33556,,,,,,,76283.0,,,,,,
33570,,,,,,,943.0,,,,,,
33577,,,,,,,5388.0,,,,,,
33738,,,,,,,220.0,,,,,,
33765,,,,,,,140.0,,,,,,
34062,,,,,,,1346.0,,,,,,
34071,,,,,,,220.0,,,,,,
34147,,,,,,,5700.0,,,,,,
34260,,,,,,,961.0,,,,,,
34308,,,,,,,2947.0,,,,,,
34549,,,,,,,24203.0,,,,,,
34631,,,,,,,21528.0,,,,,,
34659,,,,,,,48.0,,,,,,
34703,,,,,,,140.0,,,,,,
34711,,,,,,,1388.0,,,,,,
34816,,,,,,,67881.0,,,,,,
34831,,,,,,,1878.0,,,,,,
35036,,,,,,,48.0,,,,,,
35284,,,,,,,9168.0,,,,,,
35591,,,,,,,9704.0,,,,,,
35687,,,,,,,54392.0,,,,,,
35772,,,,,,,28239.0,,,,,,
35859,,,,,,,140.0,,,,,,
36054,,,,,,,34923.0,,,,,,
36108,,,,,,,943.0,,,,,,
36133,,,,,,,48.0,,,,,,
36295,,,,,,,48.0,,,,,,
36309,,,,,,,2218.0,,,,,,
36381,,,,,,,961.0,,,,,,
36500,,,,,,,2947.0,,,,,,
36716,,,,,,,18329.0,,,,,,
36784,,,,,,,961.0,,,,,,
37029,,,,,,,140.0,,,,,,
37390,,,,,,,1366.0,,,,,,
37470,,,,,,,941.0,,,,,,
37604,,,,,,,816.0,,,,,,
37636,,,,,,,1193.0,,,,,,
37700,,,,,,,1388.0,,,,,,
37710,,,,,,,1885.0,,,,,,
37713,,,,,,,48.0,,,,,,
37717,,,,,,,59.0,,,,,,
37764,,,,,,,1827.0,,,,,,
37832,,,,,,,18708.0,,,,,,
37871,,,,,,,48.0,,,,,,
37907,,,,,,,48.0,,,,,,
37918,,,,,,,1388.0,,,,,,
37934,,,,,,,32340.0,,,,,,
38030,,,,,,,14337.0,,,,,,
38084,,,,,,,855.0,,,,,,
38148,,,,,,,1886.0,,,,,,
38170,,,,,,,1388.0,,,,,,
38182,,,,,,,1388.0,,,,,,
38208,,,,,,,49918.0,,,,,,
38224,,,,,,,1388.0,,,,,,
38366,,,,,,,220.0,,,,,,
38498,,,,,,,48.0,,,,,,
38645,,,,,,,13874.0,,,,,,
38868,,,,,,,140.0,,,,,,
38974,,,,,,,48.0,,,,,,
39020,,,,,,,220.0,,,,,,
39070,,,,,,,2947.0,,,,,,
39436,,,,,,,48.0,,,,,,
39477,,,,,,,7750.0,,,,,,
39547,,,,,,,48.0,,,,,,
39586,,,,,,,2972.0,,,,,,
39921,,,,,,,48.0,,,,,,
39966,,,,,,,220.0,,,,,,
40188,,,,,,,1388.0,,,,,,
40264,,,,,,,13874.0,,,,,,
40418,,,,,,,220.0,,,,,,
40436,,,,,,,2947.0,,,,,,
40644,,,,,,,1848.0,,,,,,
40779,,,,,,,76686.0,,,,,,
41122,,,,,,,961.0,,,,,,
41352,,,,,,,1639.0,,,,,,
41773,,,,,,,943.0,,,,,,
41801,,,,,,,1848.0,,,,,,
41900,,,,,,,140.0,,,,,,
42126,,,,,,,48.0,,,,,,
42292,,,,,,,48.0,,,,,,
42406,,,,,,,48.0,,,,,,
42610,,,,,,,1388.0,,,,,,
42631,,,,,,,9704.0,,,,,,
42683,,,,,,,76319.0,,,,,,
42780,,,,,,,855.0,,,,,,
42836,,,,,,,5666.0,,,,,,
42859,,,,,,,1366.0,,,,,,
42865,,,,,,,259.0,,,,,,
42897,,,,,,,943.0,,,,,,
43084,,,,,,,140.0,,,,,,
43089,,,,,,,1388.0,,,,,,
43394,,,,,,,2947.0,,,,,,
43420,,,,,,,352.0,,,,,,
43448,,,,,,,10393.0,,,,,,
43491,,,,,,,34254.0,,,,,,
43529,,,,,,,244.0,,,,,,
43645,,,,,,,4017.0,,,,,,
43671,,,,,,,529.0,,,,,,
43713,,,,,,,16939.0,,,,,,
43757,,,,,,,48.0,,,,,,
43761,,,,,,,529.0,,,,,,
43762,,,,,,,48.0,,,,,,
43866,,,,,,,4017.0,,,,,,
44060,,,,,,,16939.0,,,,,,
44105,,,,,,,28254.0,,,,,,
44235,,,,,,,59.0,,,,,,
44281,,,,,,,52774.0,,,,,,
44658,,,,,,,48.0,,,,,,
44678,,,,,,,48.0,,,,,,
44909,,,,,,,1848.0,,,,,,
45043,,,,,,,5388.0,,,,,,
45242,,,,,,,45832.0,,,,,,
45250,,,,,,,6198.0,,,,,,
45305,,,,,,,48.0,,,,,,
45378,,,,,,,2947.0,,,,,,
45420,,,,,,,28239.0,,,,,,
45433,,,,,,,1388.0,,,,,,
45436,,,,,,,13874.0,,,,,,
45573,,,,,,,4684.0,,,,,,
45635,,,,,,,1388.0,,,,,,
45636,,,,,,,140.0,,,,,,
45878,,,,,,,32700.0,,,,,,
45988,,,,,,,48.0,,,,,,
46016,,,,,,,140.0,,,,,,
46074,,,,,,,18329.0,,,,,,
46264,,,,,,,47892.0,,,,,,
46364,,,,,,,5463.0,,,,,,
46396,,,,,,,259.0,,,,,,
46669,,,,,,,1388.0,,,,,,
46703,,,,,,,48.0,,,,,,
46829,,,,,,,48.0,,,,,,
46873,,,,,,,41407.0,,,,,,
47066,,,,,,,1848.0,,,,,,
47191,,,,,,,11239.0,,,,,,
47475,,,,,,,1388.0,,,,,,
47573,,,,,,,961.0,,,,,,
47634,,,,,,,20833.0,,,,,,
47742,,,,,,,48.0,,,,,,
47845,,,,,,,140.0,,,,,,
48007,,,,,,,72644.0,,,,,,
48026,,,,,,,3099.0,,,,,,
48172,,,,,,,16939.0,,,,,,
48192,,,,,,,25903.0,,,,,,
48214,,,,,,,37492.0,,,,,,
48388,,,,,,,59.0,,,,,,
48441,,,,,,,1886.0,,,,,,
48569,,,,,,,10094.0,,,,,,
48773,,,,,,,244.0,,,,,,
49025,,,,,,,1878.0,,,,,,
49032,,,,,,,48.0,,,,,,
49071,,,,,,,529.0,,,,,,
49173,,,,,,,1388.0,,,,,,
49494,,,,,,,7899.0,,,,,,
49710,,,,,,,28239.0,,,,,,
50027,,,,,,,352.0,,,,,,
50169,,,,,,,69.0,,,,,,
50218,,,,,,,76283.0,,,,,,
50298,,,,,,,1388.0,,,,,,
50299,,,,,,,5666.0,,,,,,
50356,,,,,,,4684.0,,,,,,
50394,,,,,,,48.0,,,,,,
50582,,,,,,,48.0,,,,,,
50771,,,,,,,48.0,,,,,,
50830,,,,,,,220.0,,,,,,
50895,,,,,,,48.0,,,,,,
51077,,,,,,,4017.0,,,,,,
51089,,,,,,,5086.0,,,,,,
51171,,,,,,,16939.0,,,,,,
51278,,,,,,,48.0,,,,,,
51428,,,,,,,220.0,,,,,,
51610,,,,,,,9769.0,,,,,,
51637,,,,,,,5086.0,,,,,,
51673,,,,,,,2947.0,,,,,,
51682,,,,,,,48.0,,,,,,
51811,,,,,,,259.0,,,,,,
51940,,,,,,,220.0,,,,,,
51961,,,,,,,48.0,,,,,,
52042,,,,,,,529.0,,,,,,
52118,,,,,,,943.0,,,,,,
52164,,,,,,,48.0,,,,,,
52185,,,,,,,529.0,,,,,,
52486,,,,,,,28239.0,,,,,,
52626,,,,,,,1388.0,,,,,,
52662,,,,,,,244.0,,,,,,
52811,,,,,,,1315.0,,,,,,
53065,,,,,,,48.0,,,,,,
53084,,,,,,,943.0,,,,,,
53085,,,,,,,13874.0,,,,,,
53196,,,,,,,4017.0,,,,,,
53314,,,,,,,2947.0,,,,,,
53742,,,,,,,1388.0,,,,,,
53792,,,,,,,12261.0,,,,,,
53815,,,,,,,28239.0,,,,,,
53836,,,,,,,7074.0,,,,,,
53881,,,,,,,1886.0,,,,,,
53917,,,,,,,34923.0,,,,,,
53972,,,,,,,1193.0,,,,,,
54018,,,,,,,259.0,,,,,,
54096,,,,,,,2330.0,,,,,,
54172,,,,,,,9769.0,,,,,,
54241,,,,,,,941.0,,,,,,
54297,,,,,,,48.0,,,,,,
54323,,,,,,,48.0,,,,,,
54502,,,,,,,2947.0,,,,,,
54510,,,,,,,16939.0,,,,,,
55132,,,,,,,961.0,,,,,,
55235,,,,,,,140.0,,,,,,
55401,,,,,,,140.0,,,,,,
55409,,,,,,,11201.0,,,,,,
55462,,,,,,,4684.0,,,,,,
55781,,,,,,,205.0,,,,,,
55905,,,,,,,1388.0,,,,,,
56220,,,,,,,1934.0,,,,,,
56310,,,,,,,22336.0,,,,,,
56359,,,,,,,140.0,,,,,,
56402,,,,,,,5356.0,,,,,,
56425,,,,,,,48428.0,,,,,,
56548,,,,,,,34923.0,,,,,,
56582,,,,,,,943.0,,,,,,
56723,,,,,,,220.0,,,,,,
56726,,,,,,,259.0,,,,,,
56773,,,,,,,943.0,,,,,,
56816,,,,,,,29297.0,,,,,,
56905,,,,,,,31516.0,,,,,,
56975,,,,,,,220.0,,,,,,
56998,,,,,,,48.0,,,,,,
57031,,,,,,,19408.0,,,,,,
57077,,,,,,,9465.0,,,,,,
57161,,,,,,,48.0,,,,,,
57194,,,,,,,13874.0,,,,,,
57479,,,,,,,5666.0,,,,,,
57574,,,,,,,140.0,,,,,,
57659,,,,,,,5086.0,,,,,,
57686,,,,,,,259.0,,,,,,
57695,,,,,,,220.0,,,,,,
58005,,,,,,,7251.0,,,,,,
58091,,,,,,,3099.0,,,,,,
58232,,,,,,,48.0,,,,,,
58478,,,,,,,48.0,,,,,,
58873,,,,,,,1833.0,,,,,,
58919,,,,,,,2947.0,,,,,,
59084,,,,,,,7631.0,,,,,,
59088,,,,,,,547.0,,,,,,
59135,,,,,,,817.0,,,,,,
59234,,,,,,,244.0,,,,,,
59252,,,,,,,1827.0,,,,,,
59431,,,,,,,41499.0,,,,,,
59540,,,,,,,244.0,,,,,,
59735,,,,,,,1388.0,,,,,,
59780,,,,,,,3655.0,,,,,,
59905,,,,,,,855.0,,,,,,
60007,,,,,,,48.0,,,,,,
60053,,,,,,,48.0,,,,,,
60148,,,,,,,1878.0,,,,,,
60431,,,,,,,4289.0,,,,,,
60650,,,,,,,1367.0,,,,,,
60677,,,,,,,23580.0,,,,,,
60710,,,,,,,1193.0,,,,,,
60714,,,,,,,5666.0,,,,,,
60854,,,,,,,140.0,,,,,,
60908,,,,,,,48.0,,,,,,
60998,,,,,,,48.0,,,,,,
61196,,,,,,,4278.0,,,,,,
61241,,,,,,,2947.0,,,,,,
61307,,,,,,,943.0,,,,,,
61316,,,,,,,855.0,,,,,,
61324,,,,,,,259.0,,,,,,
61559,,,,,,,48.0,,,,,,
61636,,,,,,,73845.0,,,,,,
61720,,,,,,,220.0,,,,,,
61892,,,,,,,220.0,,,,,,
61944,,,,,,,1886.0,,,,,,
61966,,,,,,,817.0,,,,,,
62012,,,,,,,4017.0,,,,,,
62066,,,,,,,140.0,,,,,,
62289,,,,,,,244.0,,,,,,
62400,,,,,,,9465.0,,,,,,
62490,,,,,,,48.0,,,,,,
62610,,,,,,,140.0,,,,,,
62640,,,,,,,205.0,,,,,,
62668,,,,,,,13302.0,,,,,,
62669,,,,,,,220.0,,,,,,
62715,,,,,,,13874.0,,,,,,
62825,,,,,,,259.0,,,,,,
63038,,,,,,,816.0,,,,,,
63047,,,,,,,1388.0,,,,,,
63064,,,,,,,943.0,,,,,,
63222,,,,,,,48.0,,,,,,
63286,,,,,,,2947.0,,,,,,
63392,,,,,,,13737.0,,,,,,
63397,,,,,,,140.0,,,,,,
63586,,,,,,,140.0,,,,,,
63703,,,,,,,3099.0,,,,,,
63753,,,,,,,95.0,,,,,,
63977,,,,,,,48.0,,,,,,
63997,,,,,,,1366.0,,,,,,
64030,,,,,,,1878.0,,,,,,
64090,,,,,,,48.0,,,,,,
64297,,,,,,,34923.0,,,,,,
64772,,,,,,,259.0,,,,,,
65101,,,,,,,3099.0,,,,,,
65195,,,,,,,1848.0,,,,,,
65286,,,,,,,220.0,,,,,,
65445,,,,,,,529.0,,,,,,
65548,,,,,,,1878.0,,,,,,
65666,,,,,,,3206.0,,,,,,
65879,,,,,,,3099.0,,,,,,
66016,,,,,,,1346.0,,,,,,
66210,,,,,,,387.0,,,,,,
66249,,,,,,,816.0,,,,,,
66317,,,,,,,1885.0,,,,,,
66502,,,,,,,943.0,,,,,,
66559,,,,,,,140.0,,,,,,
66575,,,,,,,48.0,,,,,,
66700,,,,,,,205.0,,,,,,
66748,,,,,,,95.0,,,,,,
66847,,,,,,,4636.0,,,,,,
66859,,,,,,,14538.0,,,,,,
66885,,,,,,,1388.0,,,,,,
66936,,,,,,,48.0,,,,,,
66959,,,,,,,1661.0,,,,,,
67028,,,,,,,220.0,,,,,,
67060,,,,,,,30104.0,,,,,,
67298,,,,,,,17602.0,,,,,,
67323,,,,,,,16939.0,,,,,,
67427,,,,,,,1388.0,,,,,,
67443,,,,,,,1848.0,,,,,,
67452,,,,,,,48.0,,,,,,
67468,,,,,,,9769.0,,,,,,
67501,,,,,,,7251.0,,,,,,
67675,,,,,,,683.0,,,,,,
67837,,,,,,,31921.0,,,,,,
67864,,,,,,,817.0,,,,,,
68139,,,,,,,11270.0,,,,,,
68153,,,,,,,529.0,,,,,,
68175,,,,,,,943.0,,,,,,
68186,,,,,,,140.0,,,,,,
68449,,,,,,,140.0,,,,,,
68597,,,,,,,48.0,,,,,,
68650,,,,,,,1886.0,,,,,,
68837,,,,,,,7740.0,,,,,,
68977,,,,,,,45072.0,,,,,,
69429,,,,,,,3099.0,,,,,,
69488,,,,,,,52774.0,,,,,,
69544,,,,,,,855.0,,,,,,
69615,,,,,,,4684.0,,,,,,
69718,,,,,,,48.0,,,,,,
69739,,,,,,,1366.0,,,,,,
70158,,,,,,,48.0,,,,,,
70314,,,,,,,140.0,,,,,,
70422,,,,,,,855.0,,,,,,
70430,,,,,,,48.0,,,,,,
70537,,,,,,,140.0,,,,,,
70586,,,,,,,941.0,,,,,,
70673,,,,,,,529.0,,,,,,
70730,,,,,,,220.0,,,,,,
70958,,,,,,,941.0,,,,,,
71107,,,,,,,28254.0,,,,,,
71180,,,,,,,2947.0,,,,,,
71191,,,,,,,855.0,,,,,,
71275,,,,,,,816.0,,,,,,
71492,,,,,,,58984.0,,,,,,
71578,,,,,,,48.0,,,,,,
71620,,,,,,,1388.0,,,,,,
71776,,,,,,,220.0,,,,,,
71859,,,,,,,529.0,,,,,,
72238,,,,,,,140.0,,,,,,
72394,,,,,,,10393.0,,,,,,
72473,,,,,,,48.0,,,,,,
72563,,,,,,,1388.0,,,,,,
72762,,,,,,,76283.0,,,,,,
72860,,,,,,,48.0,,,,,,
72907,,,,,,,48.0,,,,,,
73062,,,,,,,48.0,,,,,,
73344,,,,,,,1878.0,,,,,,
73839,,,,,,,535.0,,,,,,
73933,,,,,,,3099.0,,,,,,
74092,,,,,,,11270.0,,,,,,
74100,,,,,,,1388.0,,,,,,
74103,,,,,,,48.0,,,,,,
74224,,,,,,,259.0,,,,,,
74227,,,,,,,1878.0,,,,,,
74230,,,,,,,961.0,,,,,,
74253,,,,,,,220.0,,,,,,
74267,,,,,,,941.0,,,,,,
74306,,,,,,,6967.0,,,,,,
74624,,,,,,,39395.0,,,,,,
74723,,,,,,,387.0,,,,,,
74731,,,,,,,1388.0,,,,,,
74840,,,,,,,37492.0,,,,,,
75029,,,,,,,3099.0,,,,,,
75073,,,,,,,259.0,,,,,,
75242,,,,,,,140.0,,,,,,
75279,,,,,,,4654.0,,,,,,
75354,,,,,,,9465.0,,,,,,
75355,,,,,,,2044.0,,,,,,
75466,,,,,,,259.0,,,,,,
75471,,,,,,,1848.0,,,,,,
75500,,,,,,,140.0,,,,,,
75604,,,,,,,1388.0,,,,,,
75678,,,,,,,220.0,,,,,,
75725,,,,,,,9465.0,,,,,,
75737,,,,,,,61790.0,,,,,,
75846,,,,,,,1388.0,,,,,,
75926,,,,,,,1946.0,,,,,,
76272,,,,,,,855.0,,,,,,
76290,,,,,,,13302.0,,,,,,
76295,,,,,,,12251.0,,,,,,
76380,,,,,,,140.0,,,,,,
76395,,,,,,,10094.0,,,,,,
76586,,,,,,,529.0,,,,,,
76670,,,,,,,15628.0,,,,,,
76731,,,,,,,48.0,,,,,,
76741,,,,,,,2947.0,,,,,,
76786,,,,,,,140.0,,,,,,
77256,,,,,,,76283.0,,,,,,
77283,,,,,,,24237.0,,,,,,
77363,,,,,,,140.0,,,,,,
77420,,,,,,,76283.0,,,,,,
77508,,,,,,,1661.0,,,,,,
77609,,,,,,,4636.0,,,,,,
77726,,,,,,,1388.0,,,,,,
77795,,,,,,,48.0,,,,,,
77994,,,,,,,140.0,,,,,,
78041,,,,,,,15246.0,,,,,,
78110,,,,,,,23669.0,,,,,,
11908,,,,,,,,48648.0,,,,,
12340,,,,,,,,434.0,,,,,
12724,,,,,,,,1316.0,,,,,
14890,,,,,,,,1316.0,,,,,
17350,,,,,,,,35908.0,,,,,
17915,,,,,,,,46803.0,,,,,
20471,,,,,,,,7802.0,,,,,
24779,,,,,,,,3026.0,,,,,
24806,,,,,,,,1708.0,,,,,
28089,,,,,,,,20350.0,,,,,
29936,,,,,,,,1708.0,,,,,
32402,,,,,,,,14956.0,,,,,
36181,,,,,,,,1708.0,,,,,
43385,,,,,,,,1708.0,,,,,
44607,,,,,,,,16598.0,,,,,
45297,,,,,,,,23699.0,,,,,
45366,,,,,,,,48019.0,,,,,
48156,,,,,,,,893.0,,,,,
49257,,,,,,,,1708.0,,,,,
50315,,,,,,,,893.0,,,,,
51850,,,,,,,,1708.0,,,,,
52878,,,,,,,,7815.0,,,,,
54027,,,,,,,,21648.0,,,,,
55922,,,,,,,,1216.0,,,,,
56595,,,,,,,,19484.0,,,,,
56801,,,,,,,,2469.0,,,,,
57772,,,,,,,,839.0,,,,,
57783,,,,,,,,3897.0,,,,,
58115,,,,,,,,18498.0,,,,,
59830,,,,,,,,1216.0,,,,,
60652,,,,,,,,3897.0,,,,,
66613,,,,,,,,16598.0,,,,,
67030,,,,,,,,3897.0,,,,,
68617,,,,,,,,1708.0,,,,,
68967,,,,,,,,13284.0,,,,,
69758,,,,,,,,39329.0,,,,,
71145,,,,,,,,434.0,,,,,
71379,,,,,,,,1352.0,,,,,
71491,,,,,,,,1708.0,,,,,
72247,,,,,,,,1708.0,,,,,
73191,,,,,,,,1316.0,,,,,
76040,,,,,,,,1708.0,,,,,
5839,,,,,,,,,339.0,,,,
9711,,,,,,,,,18883.0,,,,
9963,,,,,,,,,8764.0,,,,
14687,,,,,,,,,228.0,,,,
15662,,,,,,,,,1948.0,,,,
16372,,,,,,,,,228.0,,,,
16393,,,,,,,,,339.0,,,,
17381,,,,,,,,,512.0,,,,
17675,,,,,,,,,30644.0,,,,
17912,,,,,,,,,339.0,,,,
18426,,,,,,,,,5064.0,,,,
19129,,,,,,,,,228.0,,,,
19220,,,,,,,,,4764.0,,,,
20960,,,,,,,,,228.0,,,,
21191,,,,,,,,,4764.0,,,,
21917,,,,,,,,,1948.0,,,,
26670,,,,,,,,,512.0,,,,
30473,,,,,,,,,30644.0,,,,
33075,,,,,,,,,339.0,,,,
33105,,,,,,,,,339.0,,,,
35155,,,,,,,,,339.0,,,,
36573,,,,,,,,,339.0,,,,
36818,,,,,,,,,1118.0,,,,
37465,,,,,,,,,339.0,,,,
38663,,,,,,,,,6423.0,,,,
41797,,,,,,,,,339.0,,,,
53009,,,,,,,,,6138.0,,,,
54998,,,,,,,,,279.0,,,,
59086,,,,,,,,,32456.0,,,,
60387,,,,,,,,,1118.0,,,,
62060,,,,,,,,,9156.0,,,,
62437,,,,,,,,,154.0,,,,
62973,,,,,,,,,339.0,,,,
63171,,,,,,,,,228.0,,,,
65649,,,,,,,,,339.0,,,,
65695,,,,,,,,,339.0,,,,
69501,,,,,,,,,339.0,,,,
70827,,,,,,,,,339.0,,,,
72070,,,,,,,,,60564.0,,,,
74210,,,,,,,,,1948.0,,,,
77003,,,,,,,,,339.0,,,,
77730,,,,,,,,,13608.0,,,,
29146,,,,,,,,,,158.0,,,
43117,,,,,,,,,,33.0,,,
56736,,,,,,,,,,33.0,,,
60705,,,,,,,,,,33.0,,,
64922,,,,,,,,,,16.0,,,
72624,,,,,,,,,,16.0,,,
4988,,,,,,,,,,,561.0,,
7673,,,,,,,,,,,561.0,,
16732,,,,,,,,,,,1.0,,
17462,,,,,,,,,,,103.0,,
47856,,,,,,,,,,,70.0,,
69161,,,,,,,,,,,103.0,,
73235,,,,,,,,,,,103.0,,
5208,,,,,,,,,,,,3123.0,
6211,,,,,,,,,,,,1227.0,
7148,,,,,,,,,,,,9692.0,
9835,,,,,,,,,,,,4979.0,
10559,,,,,,,,,,,,13320.0,
11450,,,,,,,,,,,,65492.0,
16416,,,,,,,,,,,,883.0,
16758,,,,,,,,,,,,3814.0,
20829,,,,,,,,,,,,586.0,
24383,,,,,,,,,,,,10024.0,
25228,,,,,,,,,,,,4034.0,
26082,,,,,,,,,,,,1607.0,
29208,,,,,,,,,,,,2536.0,
32962,,,,,,,,,,,,40696.0,
34263,,,,,,,,,,,,586.0,
36077,,,,,,,,,,,,19376.0,
37211,,,,,,,,,,,,1124.0,
40876,,,,,,,,,,,,21451.0,
41766,,,,,,,,,,,,60547.0,
43327,,,,,,,,,,,,883.0,
43634,,,,,,,,,,,,38.0,
46711,,,,,,,,,,,,12510.0,
48036,,,,,,,,,,,,7478.0,
50283,,,,,,,,,,,,1219.0,
52487,,,,,,,,,,,,883.0,
52712,,,,,,,,,,,,401.0,
54397,,,,,,,,,,,,3322.0,
65444,,,,,,,,,,,,13479.0,
67671,,,,,,,,,,,,401.0,
72274,,,,,,,,,,,,5411.0,
4500,,,,,,,,,,,,,22243.0
14552,,,,,,,,,,,,,30634.0
27997,,,,,,,,,,,,,23742.0
35659,,,,,,,,,,,,,460.0
43421,,,,,,,,,,,,,2986.0
44317,,,,,,,,,,,,,12510.0
48273,,,,,,,,,,,,,460.0
50713,,,,,,,,,,,,,35090.0
64092,,,,,,,,,,,,,22243.0
70091,,,,,,,,,,,,,2801.0
71642,,,,,,,,,,,,,50546.0
